date,open,high,low,close,volume,dividends,split_ratio
2016-01-04 00:00:00+00:00,7.57645938106697,7.907273766219834,7.5441848256736685,7.818518161773682,580000,0.0,0
2016-01-05 00:00:00+00:00,7.818516589097444,8.068644920197379,7.818516589097444,7.996026992797852,485500,0.0,0
2016-01-06 00:00:00+00:00,7.931479651338769,7.996028763435202,7.592596428089442,7.63293981552124,574500,0.0,0
2016-01-07 00:00:00+00:00,7.5845280614086255,7.5845280614086255,7.14075308092716,7.229507923126221,769100,0.0,0
2016-01-08 00:00:00+00:00,7.310193638085805,7.4312230206806555,7.229506870031871,7.269850254058838,500400,0.0,0
2016-01-11 00:00:00+00:00,7.261781621687282,7.511909993897048,7.229507067481448,7.398948669433594,483500,0.0,0
2016-01-12 00:00:00+00:00,7.41508580543495,7.528047133610035,7.140752470414477,7.294056415557861,346900,0.0,0
2016-01-13 00:00:00+00:00,7.269849837757709,7.568389631283983,7.237575286281518,7.253712177276611,293700,0.0,0
2016-01-14 00:00:00+00:00,7.237575134028754,7.471565819680316,7.156888372292634,7.431222438812256,315500,0.0,0
2016-01-15 00:00:00+00:00,7.310193085938246,7.431222459391605,7.068133569545537,7.31826114654541,406600,0.0,0
2016-01-18 00:00:00+00:00,7.261781287336506,7.415085220384199,7.261781287336506,7.334399223327637,98900,0.0,0
2016-01-19 00:00:00+00:00,7.245642461579216,7.455427405280605,7.1084762116823645,7.2052998542785645,331000,0.0,0
2016-01-20 00:00:00+00:00,7.173026846118371,7.624870608535516,7.132683460673893,7.592596054077148,485500,0.0,0
2016-01-21 00:00:00+00:00,7.519978152736438,7.8588613610301135,7.455429043488698,7.568390369415283,710800,0.0,0
2016-01-22 00:00:00+00:00,7.6410082410002,7.713626180622614,7.487703530800419,7.495772361755371,402500,0.0,0
2016-01-25 00:00:00+00:00,7.503840264212458,7.511909094169002,6.987446689283338,7.027790069580078,433400,0.0,0
2016-01-26 00:00:00+00:00,7.092339170260471,7.17302593085395,6.987446689283338,7.027790069580078,525500,0.0,0
2016-01-27 00:00:00+00:00,7.060064531428011,7.269849490752789,7.060064531428011,7.189162731170654,456000,0.0,0
2016-01-28 00:00:00+00:00,7.205299715031604,7.511908295403789,7.205299715031604,7.415083885192871,737200,0.0,0
2016-01-29 00:00:00+00:00,7.423154549913028,7.673282927419642,7.423154549913028,7.552252769470215,5670900,0.0,0
2016-02-01 00:00:00+00:00,7.471565836706541,7.560320659229737,7.116545007641778,7.197231769561768,738700,0.0,0
2016-02-02 00:00:00+00:00,7.140752043204368,7.237575703210584,6.8422114629943085,6.939035892486572,764300,0.0,0
2016-02-03 00:00:00+00:00,7.011652851069365,7.011652851069365,6.382298695073011,6.438779354095459,805500,0.0,0
2016-02-04 00:00:00+00:00,6.511396956787244,6.63242710626739,6.495260065214843,6.584014892578125,334300,0.0,0
2016-02-05 00:00:00+00:00,6.5840147213164615,6.6243581034271095,6.471054174789863,6.5517401695251465,218700,0.0,0
2016-02-08 00:00:00+00:00,6.527534648370322,6.527534648370322,6.237063288591484,6.350024223327637,195100,0.0,0
2016-02-09 00:00:00+00:00,6.350024686709309,6.446848352120116,6.26126985245426,6.301612854003906,425000,0.0,0
2016-02-10 00:00:00+00:00,6.245131627807575,6.333886838813817,6.1321706949997274,6.180582523345947,496200,0.0,0
2016-02-11 00:00:00+00:00,6.091827969270949,6.116033692154087,6.003072754299046,6.05148458480835,240800,0.0,0
2016-02-12 00:00:00+00:00,6.059552729331893,6.172513654393701,5.962728694535929,6.043415069580078,391400,0.0,0
2016-02-16 00:00:00+00:00,6.124103001890958,6.333887617171212,6.124103001890958,6.3096818923950195,440000,0.0,0
2016-02-17 00:00:00+00:00,6.317749713385762,6.648564074013501,6.317749713385762,6.5356035232543945,341500,0.0,0
2016-02-18 00:00:00+00:00,6.503328689356238,6.575945853356529,6.414573095323647,6.454916477203369,360200,0.0,0
2016-02-19 00:00:00+00:00,6.3822987492368,6.535603451419189,6.350024196590934,6.462985515594482,230700,0.0,0
2016-02-22 00:00:00+00:00,6.5598090368366,6.575945928080251,6.414573168213659,6.527534484863281,344000,0.0,0
2016-02-23 00:00:00+00:00,6.48719110252513,6.600152419174752,6.462985380916645,6.527534484863281,114500,0.0,0
2016-02-24 00:00:00+00:00,6.567878386084797,6.567878386084797,6.4065052287262025,6.503329277038574,196800,0.0,0
2016-02-25 00:00:00+00:00,6.648564173518598,7.100408691775633,6.503329067585236,7.03585958480835,497200,0.0,0
2016-02-26 00:00:00+00:00,6.971310546441495,7.173026700070734,6.874486885037786,7.108477592468262,472200,0.0,0
2016-02-29 00:00:00+00:00,7.181094509178272,7.181094509178272,6.688907388625453,6.793799877166748,348300,0.0,0
2016-03-01 00:00:00+00:00,6.858350002966152,7.173027515411378,6.818006613757357,7.173027515411377,443900,0.0,0
2016-03-02 00:00:00+00:00,7.132683206788247,7.132683206788247,6.890623672223487,7.060065269470215,247400,0.0,0
2016-03-03 00:00:00+00:00,7.0600658893249415,7.197232945305001,6.979379114223924,6.995516777038574,216000,0.0,0
2016-03-04 00:00:00+00:00,7.035859753603398,7.164957970635118,6.850280489505747,7.068134307861328,352800,0.0,0
2016-03-07 00:00:00+00:00,7.0681339974400075,7.4150852481036855,7.060065166858378,7.221437931060791,321400,0.0,0
2016-03-08 00:00:00+00:00,7.229507153249875,7.294056262427332,6.90676160736259,6.930967330932617,384600,0.0,0
2016-03-09 00:00:00+00:00,6.971310469401335,7.068134129735041,6.874486809067628,6.947103977203369,407600,0.0,0
2016-03-10 00:00:00+00:00,7.003584851060477,7.0197217426439265,6.8502801488445275,6.914829254150391,235000,0.0,0
2016-03-11 00:00:00+00:00,7.003584993549988,7.116545545390441,6.96324160954152,7.060065269470215,236700,0.0,0
2016-03-14 00:00:00+00:00,7.0923397196988605,7.245643653319643,7.027790614017896,7.221437931060791,271100,0.0,0
2016-03-15 00:00:00+00:00,7.378066788731218,7.378066788731218,7.130757124927364,7.18846321105957,245700,0.19,0
2016-03-16 00:00:00+00:00,7.213193434764644,7.303873297778436,7.1060258951070585,7.114269733428955,303300,0.0,0
2016-03-17 00:00:00+00:00,7.155489230355396,7.328605930643859,7.106026979054772,7.320362091064453,240600,0.0,0
2016-03-18 00:00:00+00:00,7.320362041044081,7.386311184877071,7.270899790081436,7.3450927734375,701200,0.0,0
2016-03-21 00:00:00+00:00,7.369822978973388,7.394554495774596,7.31211767878874,7.369822978973389,227900,0.0,0
2016-03-22 00:00:00+00:00,7.386310529566306,7.493478075331001,7.30387371400093,7.411041259765625,244300,0.0,0
2016-03-23 00:00:00+00:00,7.353336363454921,7.460503915091184,7.237924972575303,7.254412651062012,357300,0.0,0
2016-03-24 00:00:00+00:00,7.270899326178545,7.2791431651756415,6.949397467049356,6.99885892868042,247200,0.0,0
2016-03-28 00:00:00+00:00,7.04832124710083,7.097782709227424,6.998858998798471,7.04832124710083,100800,0.0,0
2016-03-29 00:00:00+00:00,7.023590644770165,7.056565215517527,6.891691575604936,7.007102966308594,293900,0.0,0
2016-03-30 00:00:00+00:00,7.048322388576294,7.114271539542724,6.974129397195086,6.982373237609863,178300,0.0,0
2016-03-31 00:00:00+00:00,6.982372842249494,7.040078149533721,6.932910588737408,6.965885162353516,335700,0.0,0
2016-04-01 00:00:00+00:00,6.899935464352108,6.965884606320107,6.553702075932222,6.561945915222168,467100,0.0,0
2016-04-04 00:00:00+00:00,6.570188895386649,6.586676179709171,6.495996312479236,6.512483596801758,374200,0.0,0
2016-04-05 00:00:00+00:00,6.479509318563636,6.5124838886865755,6.438290909366021,6.45477819442749,143600,0.0,0
2016-04-06 00:00:00+00:00,6.495996768569792,6.520727500246011,6.41356034116924,6.438291072845459,440300,0.0,0
2016-04-07 00:00:00+00:00,6.454778215656383,6.6361387450169,6.3970729142953955,6.528971195220947,247800,0.0,0
2016-04-08 00:00:00+00:00,6.594920766456671,6.611408445737205,6.512484335493544,6.553702354431152,201800,0.0,0
2016-04-11 00:00:00+00:00,6.594920766456671,6.594920766456671,6.512484335493544,6.553702354431152,173300,0.0,0
2016-04-12 00:00:00+00:00,6.586676612227471,6.594920451474001,6.5207274706067935,6.537214756011963,308900,0.0,0
2016-04-13 00:00:00+00:00,6.553701552408139,6.693843664439223,6.52897082268963,6.586676120758057,402200,0.0,0
2016-04-14 00:00:00+00:00,6.603164456614767,6.644382867707184,6.504240348610545,6.520727634429932,229200,0.0,0
2016-04-15 00:00:00+00:00,6.504240495853277,6.611408445737205,6.42180406489015,6.553702354431152,207000,0.0,0
2016-04-18 00:00:00+00:00,6.520727847967132,6.660869978565167,6.520727847967132,6.6031646728515625,170800,0.0,0
2016-04-19 00:00:00+00:00,6.619650667440587,6.693843642528987,6.561945369561042,6.6855998039245605,912400,0.0,0
2016-04-20 00:00:00+00:00,6.7268187899446215,6.809255610735191,6.59492050562034,6.636138916015625,600300,0.0,0
2016-04-21 00:00:00+00:00,6.65262545657921,6.768036842346191,6.65262545657921,6.768036842346191,139900,0.0,0
2016-04-22 00:00:00+00:00,6.751549560283759,6.957640827261814,6.751549560283759,6.8916916847229,367200,0.0,0
2016-04-25 00:00:00+00:00,6.899935524084213,6.924666255992357,6.825742542183986,6.8916916847229,173100,0.0,0
2016-04-26 00:00:00+00:00,6.932910602143433,7.089540416754702,6.858717614819763,7.040078163146973,382800,0.0,0
2016-04-27 00:00:00+00:00,7.056565579831918,7.295631426636662,7.056565579831918,7.122514724731445,315800,0.0,0
2016-04-28 00:00:00+00:00,7.1060276556936435,7.204951381538636,6.990616249119875,7.081296920776367,256800,0.0,0
2016-04-29 00:00:00+00:00,7.089539376734417,7.097782429313259,7.015346400294699,7.056564807891846,271800,0.0,0
2016-05-02 00:00:00+00:00,7.023590595684244,7.089539736718068,6.990615238991557,7.031833648681641,97400,0.0,0
2016-05-03 00:00:00+00:00,6.982372234792018,7.023590644770165,6.883448522549931,7.007102966308594,192300,0.0,0
2016-05-04 00:00:00+00:00,6.891691834945408,6.93291024647464,6.718575135463277,6.81749963760376,279900,0.0,0
2016-05-05 00:00:00+00:00,6.8752044925569935,6.8752044925569935,6.768036944057634,6.825742244720459,90800,0.0,0
2016-05-06 00:00:00+00:00,6.825742522837167,6.825742522837167,6.69384423813319,6.710331916809082,167500,0.0,0
2016-05-09 00:00:00+00:00,6.710331916809082,6.718574969971238,6.669113506295141,6.710331916809082,118500,0.0,0
2016-05-10 00:00:00+00:00,6.710331298414149,6.850473409541186,6.710331298414149,6.7845234870910645,229100,0.0,0
2016-05-11 00:00:00+00:00,6.84222997147558,6.957640573623531,6.759793153219245,6.801011562347412,560700,0.0,0
2016-05-12 00:00:00+00:00,6.801011562347412,6.883448380603747,6.743306261273436,6.801011562347412,172700,0.0,0
2016-05-13 00:00:00+00:00,6.68559978267946,6.866960300521928,6.553701510130653,6.7845234870910645,491500,0.0,0
2016-05-16 00:00:00+00:00,6.660869911227172,6.660869911227172,6.504240495853277,6.553702354431152,436500,0.0,0
2016-05-17 00:00:00+00:00,6.528971473883576,6.6526259209850265,6.495996902244802,6.520727634429932,236900,0.0,0
2016-05-18 00:00:00+00:00,6.5207270381266325,6.545458161138067,6.141519105870402,6.166250228881836,583000,0.0,0
2016-05-19 00:00:00+00:00,6.182737819940707,6.190981659049479,6.001377683514448,6.059082984924316,314800,0.0,0
2016-05-20 00:00:00+00:00,6.100301529316264,6.182737956789207,6.0590831190358445,6.141519546508789,253900,0.0,0
2016-05-24 00:00:00+00:00,6.190981948650814,6.438291237164329,6.190981948650814,6.421803951263428,372200,0.0,0
2016-05-25 00:00:00+00:00,6.471265648472223,6.594920486206167,6.438291077488223,6.561945915222168,287100,0.0,0
2016-05-26 00:00:00+00:00,6.59492050562034,6.652625808468267,6.545458648998736,6.636138916015625,301800,0.0,0
2016-05-27 00:00:00+00:00,6.702087751464175,6.817499138054141,6.660869342955205,6.7433061599731445,310400,0.0,0
2016-05-30 00:00:00+00:00,6.932910847935672,7.040078412738619,6.8010125485400055,7.0235915184021,274800,0.0,0
2016-05-31 00:00:00+00:00,7.048320823121319,7.056564661705113,6.916422550483494,6.957640171051025,1622600,0.0,0
2016-06-01 00:00:00+00:00,7.007102538663362,7.1719753823379415,6.965884131200784,7.15548849105835,316000,0.0,0
2016-06-02 00:00:00+00:00,7.180219478244786,7.180219478244786,7.056565037603763,7.073051929473877,217800,0.0,0
2016-06-03 00:00:00+00:00,7.07305203021719,7.155488849269215,6.9823721582005795,7.1307573318481445,464100,0.0,0
2016-06-06 00:00:00+00:00,7.171975977820656,7.3368488351844805,7.114270674287266,7.287387371063232,586100,0.0,0
2016-06-07 00:00:00+00:00,7.270899602356085,7.617132991627878,7.246168870601181,7.584158420562744,659200,0.0,0
2016-06-08 00:00:00+00:00,7.633620548447384,7.658351279807687,7.34509246659934,7.4522600173950195,854900,0.0,0
2016-06-09 00:00:00+00:00,7.468747894421172,7.518209358457454,7.402797965413137,7.460504055023193,267800,0.0,0
2016-06-10 00:00:00+00:00,7.427529395763039,7.427529395763039,7.287387272358016,7.336848735809326,221400,0.0,0
2016-06-13 00:00:00+00:00,7.336848931545428,7.386311182492103,7.056565463433628,7.097783088684082,419500,0.0,0
2016-06-14 00:00:00+00:00,7.106223300106649,7.182180684374836,6.9627484197938605,6.996507167816162,283900,0.2,0
2016-06-15 00:00:00+00:00,7.021825475174179,7.199059089565449,7.004946504926999,7.123101711273193,330500,0.0,0
2016-06-16 00:00:00+00:00,7.106222616230413,7.114662503641775,6.751755393672832,6.802393913269043,1253300,0.0,0
2016-06-17 00:00:00+00:00,6.827713123598047,6.945868333977441,6.810833347902702,6.844592094421387,844600,0.0,0
2016-06-20 00:00:00+00:00,6.903670528164135,6.945868357803234,6.836153034895166,6.886790752410889,280000,0.0,0
2016-06-21 00:00:00+00:00,6.937429321528015,7.047145450047121,6.928989433594542,6.971188068389893,984700,0.0,0
2016-06-22 00:00:00+00:00,6.996506748137288,7.0555843524145905,6.836152905868045,6.878350734710693,240200,0.0,0
2016-06-23 00:00:00+00:00,6.945868251068992,6.962748026562854,6.886790646584467,6.920549392700195,118000,0.0,0
2016-06-24 00:00:00+00:00,6.582961745278624,6.8530317065628426,6.56608237269836,6.599841117858887,398200,0.0,0
2016-06-27 00:00:00+00:00,6.616720487183514,6.616720487183514,6.3382106385282055,6.346650123596191,424300,0.0,0
2016-06-28 00:00:00+00:00,6.464806277152425,6.675798653325138,6.414168155163296,6.650479793548584,365000,0.0,0
2016-06-29 00:00:00+00:00,6.726436799496408,6.768635838293089,6.701117939628831,6.743316173553467,318600,0.0,0
2016-06-30 00:00:00+00:00,6.768636001329651,6.785514973357253,6.616721228720916,6.667359352111816,1024200,0.0,0
2016-07-04 00:00:00+00:00,6.853032005776404,6.886790752410889,6.734876392555709,6.886790752410889,194300,0.0,0
2016-07-05 00:00:00+00:00,6.8361529019110545,6.8361529019110545,6.675798254862636,6.701117515563965,231200,0.0,0
2016-07-06 00:00:00+00:00,6.67579843927131,6.717997074127197,6.549203339575663,6.717997074127197,240500,0.0,0
2016-07-07 00:00:00+00:00,6.734876610578096,6.777074844019247,6.667359115123442,6.692677974700928,261400,0.0,0
2016-07-08 00:00:00+00:00,6.793954590067293,6.810833561419782,6.667359085435502,6.777074813842773,91400,0.0,0
2016-07-11 00:00:00+00:00,6.793954483045477,6.869911865115235,6.72643658651902,6.81083345413208,722700,0.0,0
2016-07-12 00:00:00+00:00,6.869912147521973,6.895231007628688,6.810833734110235,6.869912147521973,226000,0.0,0
2016-07-13 00:00:00+00:00,6.88679062242802,6.88679062242802,6.785514384436078,6.878350734710693,141300,0.0,0
2016-07-14 00:00:00+00:00,6.912109450423072,6.912109450423072,6.777074467025463,6.7855143547058105,157400,0.0,0
2016-07-15 00:00:00+00:00,6.827712876027298,6.827712876027298,6.751755497896447,6.768635272979736,84200,0.0,0
2016-07-18 00:00:00+00:00,6.785514770242913,7.004947034137803,6.768635798720558,6.95430850982666,161500,0.0,0
2016-07-19 00:00:00+00:00,6.962748002139975,7.0049466358546155,6.869911651865359,6.878350734710693,114400,0.0,0
2016-07-20 00:00:00+00:00,6.9205502373303265,7.004947515356051,6.869912514412566,6.9036712646484375,133200,0.0,0
2016-07-21 00:00:00+00:00,6.945868514651948,6.996507038183176,6.878351019858327,6.988067150115967,92300,0.0,0
2016-07-22 00:00:00+00:00,6.988066748137503,7.148421392702202,6.971187777846049,7.1146626472473145,170000,0.0,0
2016-07-25 00:00:00+00:00,7.131541617538769,7.20749899603026,7.106222759665599,7.1146626472473145,210100,0.0,0
2016-07-26 00:00:00+00:00,7.139981486392352,7.1906200068778485,7.089342965906856,7.123101711273193,168400,0.0,0
2016-07-27 00:00:00+00:00,7.13998164086618,7.199059245317424,7.123101865381828,7.173740386962891,253200,0.0,0
2016-07-28 00:00:00+00:00,7.190620105739766,7.460690072383592,7.18218021806415,7.291896343231201,302600,0.0,0
2016-07-29 00:00:00+00:00,7.2834569100157545,7.308775769750417,7.199059637737494,7.249698162078857,523800,0.0,0
2016-08-02 00:00:00+00:00,7.275017218916855,7.275017218916855,7.139982223510742,7.139982223510742,238500,0.0,0
2016-08-03 00:00:00+00:00,7.1484216810966865,7.291896556286274,7.072464299540786,7.224379062652588,158000,0.0,0
2016-08-04 00:00:00+00:00,7.224378851570244,7.3509739472165405,7.131541696882437,7.291896343231201,178500,0.0,0
2016-08-05 00:00:00+00:00,7.350973571171434,7.350973571171434,7.215938594757347,7.258137226104736,160500,0.0,0
2016-08-08 00:00:00+00:00,7.2918970588549845,7.376293529277821,7.2665773933432725,7.317215919494629,96700,0.0,0
2016-08-09 00:00:00+00:00,7.35941397077823,7.384732829400586,7.300335560830063,7.350974082946777,143300,0.0,0
2016-08-10 00:00:00+00:00,7.334094040936742,7.435371081492164,7.266576550481111,7.283456325531006,214800,0.0,0
2016-08-11 00:00:00+00:00,7.3425347166199115,7.3425347166199115,7.131542335079844,7.139982223510742,229600,0.0,0
2016-08-12 00:00:00+00:00,7.131542203703587,7.249698224943312,7.080904483795166,7.080904483795166,260600,0.0,0
2016-08-15 00:00:00+00:00,7.047145156337541,7.156860475411939,6.988066748137503,7.1146626472473145,171400,0.0,0
2016-08-16 00:00:00+00:00,7.097782770089286,7.097782770089286,6.937428932700839,6.945868015289307,176700,0.0,0
2016-08-17 00:00:00+00:00,6.945868465589045,6.962748241604231,6.81927336496323,6.853032112121582,170800,0.0,0
2016-08-18 00:00:00+00:00,6.895230877618222,6.9711882613782326,6.844592353487537,6.861472129821777,94900,0.0,0
2016-08-19 00:00:00+00:00,6.836152690854755,6.920549150757574,6.793954058467362,6.895230293273926,329900,0.0,0
2016-08-22 00:00:00+00:00,6.836153764176696,6.971188765120179,6.836153764176696,6.9036712646484375,216200,0.0,0
2016-08-23 00:00:00+00:00,6.928989693176247,7.1315421819357665,6.928989693176247,7.038705825805664,291200,0.0,0
2016-08-24 00:00:00+00:00,7.004946926250385,7.055584644909588,6.971188178853575,6.988067150115967,129000,0.0,0
2016-08-25 00:00:00+00:00,6.988066860419962,7.0049466358546155,6.844591988713379,6.878350734710693,258300,0.0,0
2016-08-26 00:00:00+00:00,6.912109263305702,6.962747783144968,6.878350518370181,6.895230293273926,117100,0.0,0
2016-08-29 00:00:00+00:00,6.886790752410889,6.954308245679857,6.853032005776404,6.886790752410889,116400,0.0,0
2016-08-30 00:00:00+00:00,6.886790646584467,6.945868251068992,6.886790646584467,6.920549392700195,151000,0.0,0
2016-08-31 00:00:00+00:00,6.920549606438286,6.979628017619417,6.853032112121582,6.853032112121582,928000,0.0,0
2016-09-01 00:00:00+00:00,6.853032736858584,6.954308987566197,6.802395013940824,6.9036712646484375,268900,0.0,0
2016-09-02 00:00:00+00:00,6.962748876343189,6.962748876343189,6.8783515983174635,6.9036712646484375,170100,0.0,0
2016-09-06 00:00:00+00:00,6.912109580580089,7.123101947329898,6.912109580580089,7.097783088684082,233200,0.0,0
2016-09-07 00:00:00+00:00,7.097784075635718,7.258138747391321,7.080905102482143,7.232819080352783,180800,0.0,0
2016-09-08 00:00:00+00:00,7.232818623975669,7.291897038465737,7.182180902837972,7.275017261505127,203600,0.0,0
2016-09-09 00:00:00+00:00,7.300335750993716,7.317215527096316,7.0893433789433535,7.241258144378662,240800,0.0,0
2016-09-12 00:00:00+00:00,7.199059170026145,7.3256550702188035,7.190620087244224,7.30033540725708,244500,0.0,0
2016-09-13 00:00:00+00:00,7.25813728656028,7.426931008483831,7.2412575119319476,7.393172264099121,335200,0.0,0
2016-09-14 00:00:00+00:00,7.51408832523024,7.548635825570344,7.367261242865455,7.479540824890137,487000,0.2,0
2016-09-15 00:00:00+00:00,7.505451455255739,7.505451455255739,7.229071444763967,7.2636189460754395,139500,0.0,0
2016-09-16 00:00:00+00:00,7.263619470647904,7.263619470647904,7.1254294554220525,7.159976959228516,567300,0.0,0
2016-09-19 00:00:00+00:00,7.177251126317044,7.18588738451459,7.064971532974321,7.082244873046875,110100,0.0,0
2016-09-20 00:00:00+00:00,7.082244828763764,7.134066496012327,7.064971488799214,7.108155250549316,97500,0.0,0
2016-09-21 00:00:00+00:00,7.1513393608938065,7.2808931085698765,7.108154778335116,7.2636189460754395,160200,0.0,0
2016-09-22 00:00:00+00:00,7.289529278380928,7.289529278380928,7.185886775694268,7.246345520019531,59700,0.0,0
2016-09-23 00:00:00+00:00,7.134066191717049,7.220434535210771,7.099518689584076,7.151339530944824,111200,0.0,0
2016-09-26 00:00:00+00:00,7.185887076630181,7.185887076630181,7.047697067260743,7.047697067260742,84800,0.0,0
2016-09-27 00:00:00+00:00,7.039059811515268,7.056333974097568,6.969964808540885,7.004512310028076,98800,0.0,0
2016-09-28 00:00:00+00:00,6.995876522067182,7.177251122970478,6.987239440196201,7.159976959228516,89500,0.0,0
2016-09-29 00:00:00+00:00,7.177250733045438,7.4190832465524235,7.159976570241945,7.254981994628906,196400,0.0,0
2016-09-30 00:00:00+00:00,7.263619030391432,7.272256111738909,7.134066104888916,7.134066104888916,284200,0.0,0
2016-10-03 00:00:00+00:00,7.1254291964565555,7.237708785666253,7.1254291964565555,7.177250862121582,253400,0.0,0
2016-10-04 00:00:00+00:00,7.203161106875425,7.211798188221177,7.030423598347429,7.056334018707275,303200,0.0,0
2016-10-05 00:00:00+00:00,7.099518689119284,7.116792028345929,7.047697024084506,7.073607444763184,139500,0.0,0
2016-10-06 00:00:00+00:00,7.090881562669096,7.099518644066319,6.9354173922287465,6.952691555023193,227700,0.0,0
2016-10-07 00:00:00+00:00,6.961328897292807,6.969965155336253,6.84041222423264,6.935417652130127,150400,0.0,0
2016-10-11 00:00:00+00:00,6.883596443603661,6.969965202199689,6.797227685007634,6.831775188446045,293500,0.0,0
2016-10-12 00:00:00+00:00,6.84904835111154,6.8576854321476715,6.702221680045512,6.788590431213379,184500,0.0,0
2016-10-13 00:00:00+00:00,6.779953350177246,6.788590431213379,6.667673767739674,6.788590431213379,169800,0.0,0
2016-10-14 00:00:00+00:00,6.8058646822268445,6.814501352059777,6.719495924703909,6.736769676208496,119800,0.0,0
2016-10-17 00:00:00+00:00,6.762679441453656,6.797226941111148,6.667673611476212,6.693584442138672,139000,0.0,0
2016-10-18 00:00:00+00:00,6.7367697599097776,6.840412270225011,6.684948092913435,6.831775188446045,166700,0.0,0
2016-10-19 00:00:00+00:00,6.866322040557861,6.909506621678829,6.8317745403965615,6.866322040557861,114100,0.0,0
2016-10-20 00:00:00+00:00,6.900870192851813,6.909507274627686,6.840412267775606,6.9095072746276855,236200,0.0,0
2016-10-21 00:00:00+00:00,6.909506645036504,6.909506645036504,6.857685394619373,6.892232894897461,86100,0.0,0
2016-10-24 00:00:00+00:00,6.874959688245193,6.883596358078125,6.710858843032255,6.736769676208496,141600,0.0,0
2016-10-25 00:00:00+00:00,6.754043383933987,6.900870064851898,6.710858799533077,6.7626800537109375,161400,0.0,0
2016-10-26 00:00:00+00:00,6.762679435286824,6.874959014990628,6.607215686969876,6.615852355957031,205500,0.0,0
2016-10-27 00:00:00+00:00,6.667673484374558,6.667673484374558,6.494935989379883,6.494935989379883,313600,0.0,0
2016-10-28 00:00:00+00:00,6.486300014612105,6.555395020003444,6.339472922236149,6.356746673583984,249100,0.0,0
2016-10-31 00:00:00+00:00,6.391294509121351,6.391294509121351,6.261741161346435,6.2617411613464355,234000,0.0,0
2016-11-01 00:00:00+00:00,6.304925245492349,6.304925245492349,6.227193160653536,6.235829830169678,291000,0.0,0
2016-11-02 00:00:00+00:00,6.24446666185057,6.261740412030901,6.02854457867709,6.045818328857422,215300,0.0,0
2016-11-03 00:00:00+00:00,6.045818612340214,6.287651538042855,5.968086526964596,6.209919452667236,870100,0.0,0
2016-11-04 00:00:00+00:00,6.1926457445322605,6.1926457445322605,6.063092405289245,6.106276988983154,194500,0.0,0
2016-11-07 00:00:00+00:00,6.123550826054675,6.227193334168525,6.1062770747023665,6.201282501220703,166500,0.0,0
2016-11-08 00:00:00+00:00,6.184008641480162,6.218556143579258,6.132187388331518,6.158098220825195,264000,0.0,0
2016-11-09 00:00:00+00:00,6.149461565818926,7.039060424318449,6.149461565818926,6.2617411613464355,904100,0.0,0
2016-11-10 00:00:00+00:00,6.555394327961904,6.607215576534729,6.26174017421055,6.365382671356201,604000,0.0,0
2016-11-11 00:00:00+00:00,6.374020232610846,6.589942323863202,6.322198980130925,6.520847320556641,184700,0.0,0
2016-11-14 00:00:00+00:00,6.494936443859075,6.693584782922583,6.460388942442699,6.469025611877441,217700,0.0,0
2016-11-15 00:00:00+00:00,6.503573549309076,6.633126474182735,6.443115215686318,6.572668552398682,161000,0.0,0
2016-11-16 00:00:00+00:00,6.520847257848111,6.624489761811262,6.477662675277447,6.598578929901123,202000,0.0,0
2016-11-17 00:00:00+00:00,6.6331267796171565,6.693585116023828,6.5640317733459455,6.6072163581848145,189400,0.0,0
2016-11-18 00:00:00+00:00,6.6417634013633995,6.6417634013633995,6.494936317285819,6.555394649505615,237400,0.0,0
2016-11-21 00:00:00+00:00,6.607216337033334,6.607216337033334,6.520847579470809,6.581305503845215,195600,0.0,0
2016-11-22 00:00:00+00:00,6.615852812363602,6.745406150817871,6.589942391775974,6.745406150817871,361500,0.0,0
2016-11-23 00:00:00+00:00,6.762680097546016,6.857685936740606,6.728132594536842,6.736769676208496,274100,0.0,0
2016-11-24 00:00:00+00:00,6.7367694602512875,6.823138215005543,6.7367694602512875,6.797227382659912,76900,0.0,0
2016-11-25 00:00:00+00:00,6.788590885722328,6.892233394062829,6.788590885722328,6.840412139892578,106000,0.0,0
2016-11-28 00:00:00+00:00,6.883596116297676,6.900869867195537,6.805864443176654,6.849048614501953,201900,0.0,0
2016-11-29 00:00:00+00:00,6.805864636135434,6.978602150011472,6.805864636135434,6.918144226074219,154400,0.0,0
2016-11-30 00:00:00+00:00,6.99587584758934,7.237708350919321,6.99587584758934,7.220434188842773,558000,0.0,0
2016-12-01 00:00:00+00:00,7.211798753595373,7.393173357688116,7.194524589549647,7.229072093963623,357500,0.0,0
2016-12-02 00:00:00+00:00,7.211797680102974,7.367261014986058,7.211797680102974,7.3154401779174805,387600,0.0,0
2016-12-05 00:00:00+00:00,7.341351293318875,7.384535877426826,7.168613780564506,7.177250862121582,217600,0.0,0
2016-12-06 00:00:00+00:00,7.254981950461558,7.272256113159889,7.125429024933728,7.211798191070557,226000,0.0,0
2016-12-07 00:00:00+00:00,7.220434324068593,7.393172653359614,7.220434324068593,7.3672614097595215,365800,0.0,0
2016-12-08 00:00:00+00:00,7.367261754633644,7.557273431542099,7.3586254967067335,7.531363010406494,417600,0.0,0
2016-12-09 00:00:00+00:00,7.531362487238982,7.643642069263663,7.4190829052143,7.479540824890137,459900,0.0,0
2016-12-12 00:00:00+00:00,7.462267701024319,7.531362703690316,7.384535617105722,7.419083118438721,202900,0.0,0
2016-12-13 00:00:00+00:00,7.34998816150369,7.583183591033,7.34998816150369,7.539999008178711,291200,0.0,0
2016-12-14 00:00:00+00:00,7.637233503197271,7.637233503197271,7.425087495865997,7.451606273651123,680600,0.2,0
2016-12-15 00:00:00+00:00,7.433926949259188,7.637233360188465,7.433926949259188,7.566518306732178,298500,0.0,0
2016-12-16 00:00:00+00:00,7.584196318004696,7.7698235359834085,7.584196318004696,7.760983943939209,542300,0.0,0
2016-12-19 00:00:00+00:00,7.716787163084339,7.7344663479433775,7.531160780004033,7.566518306732178,221000,0.0,0
2016-12-20 00:00:00+00:00,7.531160373580986,7.531160373580986,7.389729431310873,7.478123664855957,229900,0.0,0
2016-12-21 00:00:00+00:00,7.486963029759498,7.699108172246342,7.486963029759498,7.663750648498535,143300,0.0,0
2016-12-22 00:00:00+00:00,7.663751089877552,7.734466141445864,7.628393564093396,7.707948207855225,123900,0.0,0
2016-12-23 00:00:00+00:00,7.707948162563642,7.707948162563642,7.619553927127698,7.681429386138916,188000,0.0,0
2016-12-28 00:00:00+00:00,7.654911398284177,7.814020683741783,7.654911398284177,7.778663158416748,165300,0.0,0
2016-12-29 00:00:00+00:00,7.743306019269409,7.893575720142601,7.743306019269409,7.858218193054199,156400,0.0,0
2016-12-30 00:00:00+00:00,7.85821770094429,7.911253566760625,7.7786630592299,7.8493781089782715,143300,0.0,0
2017-01-03 00:00:00+00:00,7.849378209066818,7.902414075559421,7.690268923609212,7.778663158416748,219400,0.0,0
2017-01-04 00:00:00+00:00,7.787503138877396,7.893575720142601,7.787503138877396,7.858218193054199,183800,0.0,0
2017-01-05 00:00:00+00:00,7.840538400743699,7.999647681813024,7.831698808908764,7.973129749298096,456600,0.0,0
2017-01-06 00:00:00+00:00,7.93777135121915,7.999647650834201,7.93777135121915,7.955450534820557,82900,0.0,0
2017-01-09 00:00:00+00:00,7.946611318236308,8.088041421766,7.937771726018225,8.026165962219238,201200,0.0,0
2017-01-10 00:00:00+00:00,7.707948258591353,7.769823718373432,7.433926799718015,7.672590732574463,742200,0.0,0
2017-01-11 00:00:00+00:00,7.63723282944679,7.822860042617055,7.548838597274331,7.601875305175781,217100,0.0,0
2017-01-12 00:00:00+00:00,7.6283932376315695,7.734465810444596,7.548838597274331,7.601875305175781,366200,0.0,0
2017-01-13 00:00:00+00:00,7.5930364277520015,7.769824065740125,7.5930364277520015,7.7256269454956055,207400,0.0,0
2017-01-16 00:00:00+00:00,7.734466075897217,7.734466075897217,7.672590617046808,7.734466075897217,114400,0.0,0
2017-01-17 00:00:00+00:00,7.778663143239465,7.831699009628587,7.699108500665884,7.7698235511779785,166100,0.0,0
2017-01-18 00:00:00+00:00,7.7344661620708965,7.76098409573225,7.646071925879836,7.654911518096924,126200,0.0,0
2017-01-19 00:00:00+00:00,7.66375104484567,7.805181147151257,7.66375104484567,7.681429386138916,144700,0.0,0
2017-01-20 00:00:00+00:00,7.663751301655547,7.716787170302405,7.478124075411678,7.504642009735107,300200,0.0,0
2017-01-23 00:00:00+00:00,7.43392699276177,7.548839166048175,7.38089112385416,7.460444927215576,213300,0.0,0
2017-01-24 00:00:00+00:00,7.433926750785583,7.814020785207693,7.433926750785583,7.707948207855225,249300,0.0,0
2017-01-25 00:00:00+00:00,7.725626384394535,7.86705648451317,7.725626384394535,7.80518102645874,333400,0.0,0
2017-01-26 00:00:00+00:00,7.849378193751559,7.87589612694612,7.752145210044904,7.7698235511779785,217500,0.0,0
2017-01-27 00:00:00+00:00,7.752145275271849,7.7963415499713555,7.734466091000124,7.743305683135986,155500,0.0,0
2017-01-30 00:00:00+00:00,7.75214501270682,7.814020469582331,7.5311602747344235,7.5488386154174805,262500,0.0,0
2017-01-31 00:00:00+00:00,7.5665177836339375,7.646071581029997,7.49580189207654,7.539999008178711,1761600,0.0,0
2017-02-01 00:00:00+00:00,7.566518284948158,7.955451077838002,7.566518284948158,7.928933143615723,413300,0.0,0
2017-02-02 00:00:00+00:00,7.911253388033929,7.946610912109337,7.875895863958521,7.937771320343018,249200,0.0,0
2017-02-03 00:00:00+00:00,7.920092979800248,7.946610912109337,7.88473545572484,7.937771320343018,165900,0.0,0
2017-02-06 00:00:00+00:00,7.955450503875657,7.973129687408295,7.89357504749116,7.937771320343018,174600,0.0,0
2017-02-07 00:00:00+00:00,7.955451077838002,8.07036325012112,7.902414366403513,7.928933143615723,300300,0.0,0
2017-02-08 00:00:00+00:00,7.955450618079439,7.990808142662419,7.831698860544068,7.875895977020264,220800,0.0,0
2017-02-09 00:00:00+00:00,7.858218097196826,7.955451084756361,7.805181385716214,7.867056846618652,531300,0.0,0
2017-02-10 00:00:00+00:00,7.902413909710028,7.937771434293008,7.814020519747519,7.875895977020264,312000,0.0,0
2017-02-13 00:00:00+00:00,7.902414033727006,8.21179301092575,7.893575284684961,8.185275077819824,473400,0.0,0
2017-02-14 00:00:00+00:00,8.176435387034521,8.326705077802995,8.158756203184167,8.255990028381348,316500,0.0,0
2017-02-15 00:00:00+00:00,8.282507878152046,8.388580451221362,8.264829537468765,8.33554458618164,264400,0.0,0
2017-02-16 00:00:00+00:00,8.388580371003187,8.388580371003187,8.28250779894822,8.353222846984863,112800,0.0,0
2017-02-17 00:00:00+00:00,8.291347791277104,8.291347791277104,7.77866324674736,8.07036304473877,378500,0.0,0
2017-02-21 00:00:00+00:00,8.0615234375,8.14107808098357,8.026165911839513,8.0615234375,295500,0.0,0
2017-02-22 00:00:00+00:00,8.079202506619792,8.19411467412526,8.026165797390387,8.123398780822754,471600,0.0,0
2017-02-23 00:00:00+00:00,8.167596752697333,8.353223989939998,8.167596752697333,8.264830589294434,358800,0.0,0
2017-02-24 00:00:00+00:00,8.202953453807439,8.229472230016128,8.096880877942374,8.141077995300293,319200,0.0,0
2017-02-27 00:00:00+00:00,8.167595948381733,8.167595948381733,8.052683780167651,8.088041305541992,393000,0.0,0
2017-02-28 00:00:00+00:00,8.114559781298482,8.132238121835998,7.981968433812702,7.999647617340088,352400,0.0,0
2017-03-01 00:00:00+00:00,8.043845061130648,8.14991763765012,8.043845061130648,8.105720520019531,591400,0.0,0
2017-03-02 00:00:00+00:00,8.07036309540653,8.096881029120441,8.0261659772234,8.035005569458008,335300,0.0,0
2017-03-03 00:00:00+00:00,8.0615234375,8.088041370997887,8.026165911839513,8.0615234375,197800,0.0,0
2017-03-06 00:00:00+00:00,8.088042151631653,8.17643639580937,8.070363808590102,8.158757209777832,198900,0.0,0
2017-03-07 00:00:00+00:00,8.176435555769332,8.185275147876931,8.052683795232676,8.096880912780762,208700,0.0,0
2017-03-08 00:00:00+00:00,8.132238272613396,8.132238272613396,7.893575191497803,7.893575191497803,224500,0.0,0
2017-03-09 00:00:00+00:00,7.902414373275749,7.973130269579875,7.858218097196826,7.867056846618652,330800,0.0,0
2017-03-10 00:00:00+00:00,7.8847361276230155,7.911254062191831,7.805181480926627,7.858218193054199,357200,0.0,0
2017-03-13 00:00:00+00:00,7.8670568762061865,7.937771929786337,7.8670568762061865,7.884736061096191,395600,0.0,0
2017-03-14 00:00:00+00:00,7.902413974794607,7.937771499668792,7.796341400172048,7.8493781089782715,440700,0.0,0
2017-03-15 00:00:00+00:00,7.8493781620516,7.912679320644402,7.695646037685992,7.722774982452393,457100,0.2,0
2017-03-16 00:00:00+00:00,7.731818600966835,7.840335247350659,7.731818600966835,7.795119762420654,296100,0.0,0
2017-03-17 00:00:00+00:00,7.777034085896839,7.849378516819389,7.777034085896839,7.795119762420654,475400,0.0,0
2017-03-20 00:00:00+00:00,7.831291675567628,7.885550427871791,7.767990516557447,7.831291675567627,261200,0.0,0
2017-03-21 00:00:00+00:00,7.885550480710262,7.948851640144603,7.777033837788413,7.822248458862305,416200,0.0,0
2017-03-22 00:00:00+00:00,7.840335015370236,7.92172271335341,7.749904048185907,7.885550498962402,278500,0.0,0
2017-03-23 00:00:00+00:00,7.867464187345675,8.048325264514174,7.867464187345675,7.912679672241211,198000,0.0,0
2017-03-24 00:00:00+00:00,7.921722692741224,7.985023852157376,7.858420670911457,7.939808368682861,233300,0.0,0
2017-03-27 00:00:00+00:00,7.939808590551511,8.093540721212557,7.903636375243831,8.084497451782227,223400,0.0,0
2017-03-28 00:00:00+00:00,8.093540438709747,8.20205708084504,8.08449716959507,8.183971405029297,364000,0.0,0
2017-03-29 00:00:00+00:00,8.129712830717155,8.22014379901627,8.102583885192871,8.102583885192871,95900,0.0,0
2017-03-30 00:00:00+00:00,8.093540615880233,8.193014853491986,8.057368401043313,8.102583885192871,166400,0.0,0
2017-03-31 00:00:00+00:00,8.084497046888929,8.193014549790758,8.084497046888929,8.138755798339844,221200,0.0,0
2017-04-03 00:00:00+00:00,8.129712476083514,8.19301449609699,7.985023623047437,8.03023910522461,214200,0.0,0
2017-04-04 00:00:00+00:00,8.03023963487106,8.102584066160684,7.975980880197019,8.021196365356445,152700,0.0,0
2017-04-05 00:00:00+00:00,8.1206693649292,8.229186869228066,8.093540420061286,8.1206693649292,240600,0.0,0
2017-04-06 00:00:00+00:00,8.048325058859662,8.183971510080168,8.048325058859662,8.165884971618652,172700,0.0,0
2017-04-07 00:00:00+00:00,8.138755727303392,8.29248784892332,8.138755727303392,8.202056884765625,183500,0.0,0
2017-04-10 00:00:00+00:00,8.247272687805982,8.256315957056408,8.1297127747913,8.22918701171875,151300,0.0,0
2017-04-11 00:00:00+00:00,8.220143724589578,8.24727266986823,8.147799295570756,8.165884971618652,135300,0.0,0
2017-04-12 00:00:00+00:00,8.202057061946546,8.220143600134225,8.102583689155127,8.1206693649292,158500,0.0,0
2017-04-13 00:00:00+00:00,8.138755673429939,8.211100099311786,8.09354019165039,8.09354019165039,127400,0.0,0
2017-04-17 00:00:00+00:00,8.084497769378578,8.156843065249634,8.084497769378578,8.111627578735352,116200,0.0,0
2017-04-18 00:00:00+00:00,8.102583460489017,8.156842211107193,8.07545451638672,8.09354019165039,94600,0.0,0
2017-04-19 00:00:00+00:00,8.120669512030295,8.129712781287948,7.994067192077638,7.994067192077637,85000,0.0,0
2017-04-20 00:00:00+00:00,8.039282728861709,8.039282728861709,7.930766084296548,7.9850239753723145,97100,0.0,0
2017-04-21 00:00:00+00:00,7.994066996155533,8.048324885544432,7.9036360306225655,8.012152671813965,133200,0.0,0
2017-04-24 00:00:00+00:00,8.039282724831667,8.138756100029791,8.03023945551903,8.102583885192871,136700,0.0,0
2017-04-25 00:00:00+00:00,8.147799491882324,8.183971707263263,8.129712952985034,8.147799491882324,130900,0.0,0
2017-04-26 00:00:00+00:00,8.138756568182572,8.247273218935364,8.138756568182572,8.220144271850586,245800,0.0,0
2017-04-27 00:00:00+00:00,8.183971510080168,8.25631593909899,8.13875602634,8.165884971618652,203500,0.0,0
2017-04-28 00:00:00+00:00,8.18397122940737,8.274401331372747,8.1477990161385,8.265358924865723,258300,0.0,0
2017-05-01 00:00:00+00:00,8.247272491455078,8.328660187943997,8.220143546763305,8.247272491455078,190900,0.0,0
2017-05-02 00:00:00+00:00,8.274401331372747,8.310573544641615,8.229186711596853,8.265358924865723,116500,0.0,0
2017-05-03 00:00:00+00:00,8.238229275908298,8.256315814095979,8.1206693649292,8.1206693649292,133700,0.0,0
2017-05-04 00:00:00+00:00,8.084497350620303,8.111627158571816,7.966938299151602,7.9850239753723145,236100,0.0,0
2017-05-05 00:00:00+00:00,7.985023922819984,8.030239406694628,7.975980653562329,7.994067192077637,123100,0.0,0
2017-05-08 00:00:00+00:00,7.966938473096052,8.075455120030487,7.957895203581437,8.021196365356445,154500,0.0,0
2017-05-09 00:00:00+00:00,7.966938669085457,8.048325509478191,7.867464426804888,8.003110885620117,371200,0.0,0
2017-05-10 00:00:00+00:00,7.994067015222987,8.093540387615633,7.994067015222987,8.075454711914062,184900,0.0,0
2017-05-11 00:00:00+00:00,3.61722490504783,3.843301461613319,2.8304785916895616,3.0113396644592285,7852600,0.0,0
2017-05-12 00:00:00+00:00,3.165071818824546,3.7076554729531055,3.137942657678459,3.4996650218963623,9518600,0.0,0
2017-05-15 00:00:00+00:00,3.698612755733508,3.780000026228576,3.20124413832143,3.255502462387085,4555400,0.0,0
2017-05-16 00:00:00+00:00,3.2555022583204134,3.2555022583204134,2.8395215842888213,2.8756937980651855,7652100,0.0,0
2017-05-17 00:00:00+00:00,2.75813405097051,3.0022967240188345,2.731004889032187,2.767177104949951,2869400,0.0,0
2017-05-18 00:00:00+00:00,2.803349298809665,2.8304786761379357,2.396411657333374,2.396411657333374,3211900,0.0,0
2017-05-19 00:00:00+00:00,2.486842228071589,2.4958852820949855,2.143205743975694,2.3331100940704346,6280900,0.0,0
2017-05-23 00:00:00+00:00,2.3873686552981086,2.3964117094028836,2.170335141180099,2.1884212493896484,4684200,0.0,0
2017-05-24 00:00:00+00:00,2.143205712675609,2.143205712675609,1.7543541797450628,1.9352154731750488,8182700,0.0,0
2017-05-25 00:00:00+00:00,2.0166028349804566,2.4416267731103205,2.0166028349804566,2.2969377040863037,6848700,0.0,0
2017-05-26 00:00:00+00:00,2.315023899078369,2.414497705203211,2.197464201189401,2.315023899078369,3308000,0.0,0
2017-05-29 00:00:00+00:00,2.3511962021172272,2.360239256140624,2.296937877976849,2.3331100940704346,1094600,0.0,0
2017-05-30 00:00:00+00:00,2.3602392208942446,2.3873685981627153,2.2245934125689497,2.251722574234009,1632100,0.0,0
2017-05-31 00:00:00+00:00,2.2336364730838563,2.2517225809142185,2.0799043409223654,2.134162664413452,4357400,0.0,0
2017-06-01 00:00:00+00:00,2.1070334911346436,2.1793781376635115,2.043732114074868,2.1070334911346436,1371000,0.0,0
2017-06-02 00:00:00+00:00,2.1160766212308064,2.1793782161743973,2.0708613502735407,2.0979905128479004,951500,0.0,0
2017-06-05 00:00:00+00:00,2.1703351507643074,2.1793782049090162,2.070861339569092,2.070861339569092,592200,0.0,0
2017-06-06 00:00:00+00:00,2.079904382677178,2.125119653160796,2.0256460580968363,2.043732166290283,951600,0.0,0
2017-06-07 00:00:00+00:00,2.0799042028241908,2.0889472561389457,2.0075597763061523,2.0075597763061523,978500,0.0,0
2017-06-08 00:00:00+00:00,2.043732119870993,2.043732119870993,1.9171291497889797,1.9352154731750488,1064000,0.0,0
2017-06-09 00:00:00+00:00,1.9171291565077218,1.9261724260341548,1.8086125094314713,1.8176555633544922,2270200,0.0,0
2017-06-12 00:00:00+00:00,1.844784661309835,1.8719138221404616,1.7814832860383736,1.853827714920044,2634500,0.0,0
2017-06-13 00:00:00+00:00,1.880956931815136,1.944258524576792,1.817655554656891,1.8899999856948853,3484300,0.0,0
2017-06-14 00:00:00+00:00,1.7100000381469727,1.8200000524520874,1.4900000095367432,1.5299999713897705,9298000,0.2,0
2017-06-15 00:00:00+00:00,1.5299999713897705,1.5399999618530273,1.4199999570846558,1.4800000190734863,3444700,0.0,0
2017-06-16 00:00:00+00:00,1.4800000190734863,1.7000000476837158,1.4700000286102295,1.6299999952316284,11071800,0.0,0
2017-06-19 00:00:00+00:00,1.649999976158142,1.6799999475479126,1.4800000190734863,1.4900000095367432,3082900,0.0,0
2017-06-20 00:00:00+00:00,1.4900000095367432,1.6100000143051147,1.4600000381469727,1.4900000095367432,1627900,0.0,0
2017-06-21 00:00:00+00:00,1.5,1.6200000047683716,1.4600000381469727,1.5800000429153442,1384500,0.0,0
2017-06-22 00:00:00+00:00,1.5800000429153442,1.659999966621399,1.5299999713897705,1.6399999856948853,1123400,0.0,0
2017-06-23 00:00:00+00:00,1.659999966621399,1.840000033378601,1.6299999952316284,1.7799999713897705,2994500,0.0,0
2017-06-26 00:00:00+00:00,1.7999999523162842,1.9500000476837158,1.7799999713897705,1.909999966621399,2056900,0.0,0
2017-06-27 00:00:00+00:00,1.940000057220459,1.940000057220459,1.7999999523162842,1.7999999523162842,1463800,0.0,0
2017-06-28 00:00:00+00:00,1.850000023841858,1.850000023841858,1.649999976158142,1.690000057220459,1194900,0.0,0
2017-06-29 00:00:00+00:00,1.690000057220459,1.75,1.6100000143051147,1.649999976158142,931400,0.0,0
2017-06-30 00:00:00+00:00,1.6799999475479126,1.7699999809265137,1.590000033378601,1.7300000190734863,1211100,0.0,0
2017-07-04 00:00:00+00:00,1.7400000095367432,1.7599999904632568,1.690000057220459,1.7400000095367432,251000,0.0,0
2017-07-05 00:00:00+00:00,1.75,1.75,1.6699999570846558,1.690000057220459,1342100,0.0,0
2017-07-06 00:00:00+00:00,1.690000057220459,1.690000057220459,1.6100000143051147,1.6699999570846558,1013400,0.0,0
2017-07-07 00:00:00+00:00,1.6299999952316284,1.659999966621399,1.590000033378601,1.6399999856948853,764600,0.0,0
2017-07-10 00:00:00+00:00,1.659999966621399,1.6799999475479126,1.600000023841858,1.6799999475479126,620100,0.0,0
2017-07-11 00:00:00+00:00,1.7100000381469727,1.7699999809265137,1.6699999570846558,1.7000000476837158,647300,0.0,0
2017-07-12 00:00:00+00:00,1.7000000476837158,1.7100000381469727,1.659999966621399,1.7100000381469727,496000,0.0,0
2017-07-13 00:00:00+00:00,1.7100000381469727,1.75,1.659999966621399,1.7000000476837158,1012300,0.0,0
2017-07-14 00:00:00+00:00,1.6699999570846558,1.7000000476837158,1.6399999856948853,1.6399999856948853,646500,0.0,0
2017-07-17 00:00:00+00:00,1.6399999856948853,1.6799999475479126,1.6299999952316284,1.659999966621399,475700,0.0,0
2017-07-18 00:00:00+00:00,1.659999966621399,1.6799999475479126,1.649999976158142,1.6699999570846558,292900,0.0,0
2017-07-19 00:00:00+00:00,1.6699999570846558,1.7899999618530273,1.649999976158142,1.7400000095367432,1051600,0.0,0
2017-07-20 00:00:00+00:00,1.75,1.7599999904632568,1.690000057220459,1.690000057220459,364100,0.0,0
2017-07-21 00:00:00+00:00,1.690000057220459,1.7000000476837158,1.659999966621399,1.6799999475479126,390600,0.0,0
2017-07-24 00:00:00+00:00,1.6799999475479126,1.6799999475479126,1.600000023841858,1.6200000047683716,681700,0.0,0
2017-07-25 00:00:00+00:00,1.6200000047683716,1.6299999952316284,1.5499999523162842,1.5700000524520874,686300,0.0,0
2017-07-26 00:00:00+00:00,1.5800000429153442,1.600000023841858,1.5399999618530273,1.5800000429153442,835300,0.0,0
2017-07-27 00:00:00+00:00,1.5800000429153442,1.590000033378601,1.5199999809265137,1.5399999618530273,875300,0.0,0
2017-07-28 00:00:00+00:00,1.559999942779541,1.559999942779541,1.5099999904632568,1.5299999713897705,911900,0.0,0
2017-07-31 00:00:00+00:00,1.5199999809265137,1.5299999713897705,1.399999976158142,1.4500000476837158,7097800,0.0,0
2017-08-01 00:00:00+00:00,1.5,1.5800000429153442,1.4700000286102295,1.5199999809265137,1284700,0.0,0
2017-08-02 00:00:00+00:00,1.5299999713897705,1.5399999618530273,1.4900000095367432,1.5,2251800,0.0,0
2017-08-03 00:00:00+00:00,1.5099999904632568,1.5299999713897705,1.4800000190734863,1.5099999904632568,752200,0.0,0
2017-08-04 00:00:00+00:00,1.5099999904632568,1.5299999713897705,1.5,1.5199999809265137,408800,0.0,0
2017-08-08 00:00:00+00:00,1.5299999713897705,1.5800000429153442,1.4900000095367432,1.5199999809265137,1749800,0.0,0
2017-08-09 00:00:00+00:00,1.5700000524520874,1.6100000143051147,1.5199999809265137,1.590000033378601,1184200,0.0,0
2017-08-10 00:00:00+00:00,1.7699999809265137,2.0399999618530273,1.7699999809265137,1.909999966621399,6418900,0.0,0
2017-08-11 00:00:00+00:00,1.9900000095367432,2.0299999713897705,1.8899999856948853,1.9800000190734863,2894800,0.0,0
2017-08-14 00:00:00+00:00,2.0299999713897705,2.2699999809265137,1.9700000286102295,2.1700000762939453,3366700,0.0,0
2017-08-15 00:00:00+00:00,2.190000057220459,2.3499999046325684,2.180000066757202,2.2799999713897705,2616200,0.0,0
2017-08-16 00:00:00+00:00,2.299999952316284,2.309999942779541,2.0799999237060547,2.140000104904175,2908200,0.0,0
2017-08-17 00:00:00+00:00,2.119999885559082,2.25,2.109999895095825,2.1700000762939453,1281500,0.0,0
2017-08-18 00:00:00+00:00,2.1700000762939453,2.190000057220459,2.009999990463257,2.0399999618530273,1364300,0.0,0
2017-08-21 00:00:00+00:00,2.069999933242798,2.0799999237060547,1.840000033378601,1.8799999952316284,1696400,0.0,0
2017-08-22 00:00:00+00:00,1.8799999952316284,1.9600000381469727,1.8200000524520874,1.8300000429153442,2279400,0.0,0
2017-08-23 00:00:00+00:00,1.8300000429153442,1.8799999952316284,1.809999942779541,1.8300000429153442,645500,0.0,0
2017-08-24 00:00:00+00:00,1.8200000524520874,1.8600000143051147,1.7699999809265137,1.850000023841858,573500,0.0,0
2017-08-25 00:00:00+00:00,1.8700000047683716,1.8700000047683716,1.8200000524520874,1.840000033378601,722200,0.0,0
2017-08-28 00:00:00+00:00,1.9700000286102295,2.0899999141693115,1.909999966621399,1.9900000095367432,1429400,0.0,0
2017-08-29 00:00:00+00:00,2.0,2.1600000858306885,1.940000057220459,2.130000114440918,2949400,0.0,0
2017-08-30 00:00:00+00:00,2.140000104904175,2.2699999809265137,2.130000114440918,2.259999990463257,1662600,0.0,0
2017-08-31 00:00:00+00:00,2.2899999618530273,2.319999933242798,2.0899999141693115,2.1600000858306885,2239200,0.0,0
2017-09-01 00:00:00+00:00,2.200000047683716,2.2699999809265137,2.140000104904175,2.2300000190734863,1064100,0.0,0
2017-09-05 00:00:00+00:00,2.2300000190734863,2.25,2.1500000953674316,2.240000009536743,825000,0.0,0
2017-09-06 00:00:00+00:00,2.240000009536743,2.319999933242798,2.200000047683716,2.299999952316284,1269000,0.0,0
2017-09-07 00:00:00+00:00,2.299999952316284,2.450000047683716,2.2799999713897705,2.380000114440918,1907300,0.0,0
2017-09-08 00:00:00+00:00,2.380000114440918,2.509999990463257,2.309999942779541,2.4000000953674316,2173400,0.0,0
2017-09-11 00:00:00+00:00,2.4100000858306885,2.4800000190734863,2.380000114440918,2.440000057220459,998400,0.0,0
2017-09-12 00:00:00+00:00,2.450000047683716,2.4600000381469727,2.380000114440918,2.380000114440918,919600,0.0,0
2017-09-13 00:00:00+00:00,2.390000104904175,2.4000000953674316,2.309999942779541,2.359999895095825,841200,0.0,0
2017-09-14 00:00:00+00:00,2.3399999141693115,2.4200000762939453,2.3399999141693115,2.3499999046325684,554000,0.0,0
2017-09-15 00:00:00+00:00,2.3499999046325684,2.450000047683716,2.319999933242798,2.359999895095825,4564900,0.0,0
2017-09-18 00:00:00+00:00,2.3499999046325684,2.4000000953674316,2.3299999237060547,2.390000104904175,605300,0.0,0
2017-09-19 00:00:00+00:00,2.390000104904175,2.4000000953674316,2.369999885559082,2.369999885559082,652000,0.0,0
2017-09-20 00:00:00+00:00,2.359999895095825,2.5899999141693115,2.359999895095825,2.5799999237060547,1856300,0.0,0
2017-09-21 00:00:00+00:00,2.4800000190734863,2.75,2.4800000190734863,2.630000114440918,1806800,0.0,0
2017-09-22 00:00:00+00:00,2.640000104904175,2.6700000762939453,2.559999942779541,2.5899999141693115,1019700,0.0,0
2017-09-25 00:00:00+00:00,2.559999942779541,2.680000066757202,2.559999942779541,2.640000104904175,1039500,0.0,0
2017-09-26 00:00:00+00:00,2.640000104904175,2.6600000858306885,2.619999885559082,2.640000104904175,612100,0.0,0
2017-09-27 00:00:00+00:00,2.619999885559082,2.640000104904175,2.4700000286102295,2.5399999618530273,954300,0.0,0
2017-09-28 00:00:00+00:00,2.5399999618530273,2.559999942779541,2.5199999809265137,2.5299999713897705,271400,0.0,0
2017-09-29 00:00:00+00:00,2.5199999809265137,2.5299999713897705,2.4200000762939453,2.4700000286102295,1197600,0.0,0
2017-10-02 00:00:00+00:00,2.4700000286102295,2.5399999618530273,2.450000047683716,2.5199999809265137,389800,0.0,0
2017-10-03 00:00:00+00:00,2.509999990463257,2.5299999713897705,2.4800000190734863,2.5,294200,0.0,0
2017-10-04 00:00:00+00:00,2.5,2.5299999713897705,2.4800000190734863,2.509999990463257,213600,0.0,0
2017-10-05 00:00:00+00:00,2.5,2.569999933242798,2.4800000190734863,2.5399999618530273,702600,0.0,0
2017-10-06 00:00:00+00:00,2.5199999809265137,2.569999933242798,2.5199999809265137,2.5399999618530273,180900,0.0,0
2017-10-10 00:00:00+00:00,2.5299999713897705,2.549999952316284,2.4600000381469727,2.4800000190734863,355800,0.0,0
2017-10-11 00:00:00+00:00,2.4800000190734863,2.4800000190734863,2.369999885559082,2.4100000858306885,627100,0.0,0
2017-10-12 00:00:00+00:00,2.4200000762939453,2.4200000762939453,2.319999933242798,2.380000114440918,766100,0.0,0
2017-10-13 00:00:00+00:00,2.380000114440918,2.4000000953674316,2.359999895095825,2.390000104904175,221700,0.0,0
2017-10-16 00:00:00+00:00,2.4000000953674316,2.4700000286102295,2.359999895095825,2.390000104904175,577000,0.0,0
2017-10-17 00:00:00+00:00,2.4000000953674316,2.430000066757202,2.390000104904175,2.4100000858306885,186000,0.0,0
2017-10-18 00:00:00+00:00,2.4100000858306885,2.4200000762939453,2.380000114440918,2.4100000858306885,202700,0.0,0
2017-10-19 00:00:00+00:00,2.4100000858306885,2.450000047683716,2.4000000953674316,2.440000057220459,149900,0.0,0
2017-10-20 00:00:00+00:00,2.450000047683716,2.549999952316284,2.450000047683716,2.5199999809265137,463800,0.0,0
2017-10-23 00:00:00+00:00,2.5199999809265137,2.5799999237060547,2.490000009536743,2.5799999237060547,521500,0.0,0
2017-10-24 00:00:00+00:00,2.5899999141693115,2.5899999141693115,2.549999952316284,2.5799999237060547,282900,0.0,0
2017-10-25 00:00:00+00:00,2.559999942779541,2.569999933242798,2.440000057220459,2.4800000190734863,605800,0.0,0
2017-10-26 00:00:00+00:00,2.4700000286102295,2.4700000286102295,2.369999885559082,2.4200000762939453,431300,0.0,0
2017-10-27 00:00:00+00:00,2.4200000762939453,2.4700000286102295,2.380000114440918,2.450000047683716,287100,0.0,0
2017-10-30 00:00:00+00:00,2.4600000381469727,2.559999942779541,2.4600000381469727,2.549999952316284,411400,0.0,0
2017-10-31 00:00:00+00:00,2.549999952316284,2.559999942779541,2.509999990463257,2.5299999713897705,416400,0.0,0
2017-11-01 00:00:00+00:00,2.5199999809265137,2.609999895095825,2.509999990463257,2.609999895095825,586900,0.0,0
2017-11-02 00:00:00+00:00,2.5899999141693115,2.609999895095825,2.569999933242798,2.5999999046325684,233300,0.0,0
2017-11-03 00:00:00+00:00,2.5999999046325684,2.680000066757202,2.549999952316284,2.6700000762939453,500600,0.0,0
2017-11-06 00:00:00+00:00,2.700000047683716,2.7200000286102295,2.619999885559082,2.6500000953674316,479100,0.0,0
2017-11-07 00:00:00+00:00,2.6500000953674316,2.6500000953674316,2.5999999046325684,2.630000114440918,442500,0.0,0
2017-11-08 00:00:00+00:00,2.6700000762939453,2.690000057220459,2.5799999237060547,2.680000066757202,758900,0.0,0
2017-11-09 00:00:00+00:00,2.700000047683716,2.859999895095825,2.509999990463257,2.799999952316284,2866800,0.0,0
2017-11-10 00:00:00+00:00,2.9000000953674316,3.319999933242798,2.859999895095825,3.2100000381469727,6038200,0.0,0
2017-11-13 00:00:00+00:00,3.2200000286102295,3.490000009536743,3.2200000286102295,3.2899999618530273,2677500,0.0,0
2017-11-14 00:00:00+00:00,3.2699999809265137,3.440000057220459,3.200000047683716,3.4100000858306885,3001600,0.0,0
2017-11-15 00:00:00+00:00,3.359999895095825,3.430000066757202,3.3399999141693115,3.369999885559082,1648700,0.0,0
2017-11-16 00:00:00+00:00,3.3499999046325684,3.4100000858306885,3.3299999237060547,3.380000114440918,1574600,0.0,0
2017-11-17 00:00:00+00:00,3.3499999046325684,3.4800000190734863,3.3499999046325684,3.4700000286102295,1347500,0.0,0
2017-11-20 00:00:00+00:00,3.4800000190734863,3.5899999141693115,3.450000047683716,3.5,2147400,0.0,0
2017-11-21 00:00:00+00:00,3.5,3.5799999237060547,3.4800000190734863,3.490000009536743,965600,0.0,0
2017-11-22 00:00:00+00:00,3.490000009536743,3.5899999141693115,3.490000009536743,3.5399999618530273,808400,0.0,0
2017-11-23 00:00:00+00:00,3.549999952316284,3.5799999237060547,3.549999952316284,3.559999942779541,115700,0.0,0
2017-11-24 00:00:00+00:00,3.549999952316284,3.5799999237060547,3.5,3.5199999809265137,603900,0.0,0
2017-11-27 00:00:00+00:00,3.5,3.559999942779541,3.490000009536743,3.490000009536743,850700,0.0,0
2017-11-28 00:00:00+00:00,3.5,3.5299999713897705,3.450000047683716,3.5,720800,0.0,0
2017-11-29 00:00:00+00:00,3.490000009536743,3.490000009536743,3.450000047683716,3.4600000381469727,369700,0.0,0
2017-11-30 00:00:00+00:00,3.450000047683716,3.549999952316284,3.450000047683716,3.549999952316284,761000,0.0,0
2017-12-01 00:00:00+00:00,3.549999952316284,3.6700000762939453,3.549999952316284,3.5999999046325684,1106400,0.0,0
2017-12-04 00:00:00+00:00,3.5999999046325684,3.7200000286102295,3.5999999046325684,3.640000104904175,1046300,0.0,0
2017-12-05 00:00:00+00:00,3.640000104904175,3.819999933242798,3.630000114440918,3.740000009536743,1314900,0.0,0
2017-12-06 00:00:00+00:00,3.740000009536743,3.7799999713897705,3.640000104904175,3.6500000953674316,1152100,0.0,0
2017-12-07 00:00:00+00:00,3.640000104904175,3.6600000858306885,3.450000047683716,3.5399999618530273,1600300,0.0,0
2017-12-08 00:00:00+00:00,3.549999952316284,3.5899999141693115,3.509999990463257,3.5399999618530273,367500,0.0,0
2017-12-11 00:00:00+00:00,3.549999952316284,3.569999933242798,3.490000009536743,3.5399999618530273,228900,0.0,0
2017-12-12 00:00:00+00:00,3.5199999809265137,3.5399999618530273,3.430000066757202,3.450000047683716,1597800,0.0,0
2017-12-13 00:00:00+00:00,3.440000057220459,3.5399999618530273,3.299999952316284,3.490000009536743,1292800,0.0,0
2017-12-14 00:00:00+00:00,3.490000009536743,3.490000009536743,3.4200000762939453,3.450000047683716,365600,0.0,0
2017-12-15 00:00:00+00:00,3.430000066757202,3.5399999618530273,3.380000114440918,3.5,982400,0.0,0
2017-12-18 00:00:00+00:00,3.5,3.5899999141693115,3.5,3.5799999237060547,345600,0.0,0
2017-12-19 00:00:00+00:00,3.569999933242798,3.75,3.569999933242798,3.7300000190734863,1374900,0.0,0
2017-12-20 00:00:00+00:00,3.700000047683716,3.8399999141693115,3.5899999141693115,3.630000114440918,1677700,0.0,0
2017-12-21 00:00:00+00:00,3.6600000858306885,3.7699999809265137,3.6600000858306885,3.7300000190734863,938600,0.0,0
2017-12-22 00:00:00+00:00,3.7100000381469727,3.740000009536743,3.6600000858306885,3.7300000190734863,471400,0.0,0
2017-12-27 00:00:00+00:00,3.700000047683716,3.7200000286102295,3.549999952316284,3.680000066757202,571500,0.0,0
2017-12-28 00:00:00+00:00,3.680000066757202,3.759999990463257,3.680000066757202,3.75,387300,0.0,0
2017-12-29 00:00:00+00:00,3.759999990463257,3.799999952316284,3.7300000190734863,3.740000009536743,760200,0.0,0
2018-01-02 00:00:00+00:00,3.740000009536743,3.890000104904175,3.700000047683716,3.8499999046325684,584100,0.0,0
2018-01-03 00:00:00+00:00,3.8399999141693115,3.940000057220459,3.8299999237060547,3.880000114440918,577200,0.0,0
2018-01-04 00:00:00+00:00,3.869999885559082,3.9700000286102295,3.8499999046325684,3.9700000286102295,400400,0.0,0
2018-01-05 00:00:00+00:00,3.9700000286102295,3.9800000190734863,3.809999942779541,3.930000066757202,526100,0.0,0
2018-01-08 00:00:00+00:00,3.9100000858306885,3.940000057220459,3.8499999046325684,3.880000114440918,315000,0.0,0
2018-01-09 00:00:00+00:00,3.8499999046325684,3.9700000286102295,3.8499999046325684,3.940000057220459,577700,0.0,0
2018-01-10 00:00:00+00:00,3.950000047683716,3.9700000286102295,3.9100000858306885,3.9200000762939453,399100,0.0,0
2018-01-11 00:00:00+00:00,3.9100000858306885,3.9600000381469727,3.8399999141693115,3.890000104904175,880400,0.0,0
2018-01-12 00:00:00+00:00,3.890000104904175,3.9700000286102295,3.859999895095825,3.940000057220459,887900,0.0,0
2018-01-15 00:00:00+00:00,3.9700000286102295,4.090000152587891,3.9700000286102295,4.050000190734863,692600,0.0,0
2018-01-16 00:00:00+00:00,4.039999961853027,4.329999923706055,4.039999961853027,4.039999961853027,1269400,0.0,0
2018-01-17 00:00:00+00:00,4.039999961853027,4.110000133514404,3.9700000286102295,4.0,1080400,0.0,0
2018-01-18 00:00:00+00:00,4.039999961853027,4.039999961853027,3.8399999141693115,3.880000114440918,708500,0.0,0
2018-01-19 00:00:00+00:00,3.8499999046325684,3.950000047683716,3.740000009536743,3.9200000762939453,466200,0.0,0
2018-01-22 00:00:00+00:00,3.880000114440918,3.9000000953674316,3.7799999713897705,3.880000114440918,303600,0.0,0
2018-01-23 00:00:00+00:00,3.880000114440918,3.880000114440918,3.759999990463257,3.8299999237060547,430000,0.0,0
2018-01-24 00:00:00+00:00,3.799999952316284,3.8399999141693115,3.700000047683716,3.819999933242798,661200,0.0,0
2018-01-25 00:00:00+00:00,3.799999952316284,3.799999952316284,3.7100000381469727,3.7799999713897705,423900,0.0,0
2018-01-26 00:00:00+00:00,3.7799999713897705,3.809999942779541,3.7300000190734863,3.799999952316284,470000,0.0,0
2018-01-29 00:00:00+00:00,3.809999942779541,3.8499999046325684,3.7699999809265137,3.799999952316284,261200,0.0,0
2018-01-30 00:00:00+00:00,3.809999942779541,3.819999933242798,3.6500000953674316,3.700000047683716,428400,0.0,0
2018-01-31 00:00:00+00:00,3.6700000762939453,3.7200000286102295,3.640000104904175,3.7100000381469727,741000,0.0,0
2018-02-01 00:00:00+00:00,3.609999895095825,3.609999895095825,2.640000104904175,2.7799999713897705,5305500,0.0,0
2018-02-02 00:00:00+00:00,2.690000057220459,2.690000057220459,1.8600000143051147,2.309999942779541,6832800,0.0,0
2018-02-05 00:00:00+00:00,2.180000066757202,2.5,2.1700000762939453,2.3299999237060547,2512100,0.0,0
2018-02-06 00:00:00+00:00,2.309999942779541,2.4100000858306885,2.25,2.309999942779541,1427500,0.0,0
2018-02-07 00:00:00+00:00,2.3299999237060547,2.740000009536743,2.3299999237060547,2.5199999809265137,1257800,0.0,0
2018-02-08 00:00:00+00:00,2.549999952316284,2.569999933242798,2.369999885559082,2.380000114440918,764700,0.0,0
2018-02-09 00:00:00+00:00,2.380000114440918,2.4200000762939453,2.299999952316284,2.319999933242798,667200,0.0,0
2018-02-12 00:00:00+00:00,2.319999933242798,2.5299999713897705,2.319999933242798,2.450000047683716,692300,0.0,0
2018-02-13 00:00:00+00:00,2.430000066757202,2.4600000381469727,2.319999933242798,2.359999895095825,812000,0.0,0
2018-02-14 00:00:00+00:00,2.3499999046325684,2.4700000286102295,2.259999990463257,2.380000114440918,1289200,0.0,0
2018-02-15 00:00:00+00:00,2.25,2.259999990463257,1.649999976158142,1.7100000381469727,6715100,0.0,0
2018-02-16 00:00:00+00:00,1.690000057220459,1.8799999952316284,1.6100000143051147,1.8600000143051147,2596800,0.0,0
2018-02-20 00:00:00+00:00,1.850000023841858,1.850000023841858,1.6799999475479126,1.7599999904632568,2102300,0.0,0
2018-02-21 00:00:00+00:00,1.75,1.809999942779541,1.7200000286102295,1.7699999809265137,686100,0.0,0
2018-02-22 00:00:00+00:00,1.7599999904632568,1.809999942779541,1.7300000190734863,1.75,863800,0.0,0
2018-02-23 00:00:00+00:00,1.75,1.7699999809265137,1.7000000476837158,1.7400000095367432,1120200,0.0,0
2018-02-26 00:00:00+00:00,1.7400000095367432,1.8300000429153442,1.7000000476837158,1.7799999713897705,814500,0.0,0
2018-02-27 00:00:00+00:00,1.7799999713897705,1.7899999618530273,1.659999966621399,1.6799999475479126,823800,0.0,0
2018-02-28 00:00:00+00:00,1.7000000476837158,1.7400000095367432,1.7000000476837158,1.7000000476837158,605100,0.0,0
2018-03-01 00:00:00+00:00,1.7100000381469727,1.809999942779541,1.7100000381469727,1.7599999904632568,740900,0.0,0
2018-03-02 00:00:00+00:00,1.7599999904632568,1.7599999904632568,1.649999976158142,1.7100000381469727,526900,0.0,0
2018-03-05 00:00:00+00:00,1.7100000381469727,1.809999942779541,1.7100000381469727,1.7400000095367432,657800,0.0,0
2018-03-06 00:00:00+00:00,1.7599999904632568,1.7599999904632568,1.690000057220459,1.7100000381469727,646200,0.0,0
2018-03-07 00:00:00+00:00,1.7000000476837158,1.7100000381469727,1.6299999952316284,1.659999966621399,1180700,0.0,0
2018-03-08 00:00:00+00:00,1.659999966621399,1.6799999475479126,1.6100000143051147,1.649999976158142,951200,0.0,0
2018-03-09 00:00:00+00:00,1.6699999570846558,1.6699999570846558,1.600000023841858,1.6200000047683716,594700,0.0,0
2018-03-12 00:00:00+00:00,1.6100000143051147,1.6299999952316284,1.5299999713897705,1.5399999618530273,563600,0.0,0
2018-03-13 00:00:00+00:00,1.5800000429153442,1.6100000143051147,1.5,1.5199999809265137,1035500,0.0,0
2018-03-14 00:00:00+00:00,1.5499999523162842,1.590000033378601,1.5199999809265137,1.5299999713897705,600900,0.0,0
2018-03-15 00:00:00+00:00,1.5299999713897705,1.600000023841858,1.4900000095367432,1.600000023841858,870800,0.0,0
2018-03-16 00:00:00+00:00,1.590000033378601,1.6200000047683716,1.5399999618530273,1.600000023841858,663500,0.0,0
2018-03-19 00:00:00+00:00,1.6299999952316284,2.0899999141693115,1.6299999952316284,2.0,4208000,0.0,0
2018-03-20 00:00:00+00:00,2.0,2.259999990463257,1.8600000143051147,1.909999966621399,5999300,0.0,0
2018-03-21 00:00:00+00:00,1.9600000381469727,1.9800000190734863,1.809999942779541,1.9299999475479126,1109000,0.0,0
2018-03-22 00:00:00+00:00,1.9299999475479126,1.940000057220459,1.7899999618530273,1.909999966621399,802600,0.0,0
2018-03-23 00:00:00+00:00,1.909999966621399,1.940000057220459,1.8300000429153442,1.8300000429153442,295800,0.0,0
2018-03-26 00:00:00+00:00,1.8600000143051147,1.909999966621399,1.809999942779541,1.850000023841858,651500,0.0,0
2018-03-27 00:00:00+00:00,1.850000023841858,1.8700000047683716,1.7599999904632568,1.7999999523162842,982100,0.0,0
2018-03-28 00:00:00+00:00,1.809999942779541,1.809999942779541,1.7000000476837158,1.7100000381469727,580000,0.0,0
2018-03-29 00:00:00+00:00,1.7000000476837158,1.7599999904632568,1.7000000476837158,1.7300000190734863,496400,0.0,0
2018-04-02 00:00:00+00:00,1.7300000190734863,1.7599999904632568,1.659999966621399,1.6799999475479126,518300,0.0,0
2018-04-03 00:00:00+00:00,1.7899999618530273,1.7899999618530273,1.6399999856948853,1.6799999475479126,775200,0.0,0
2018-04-04 00:00:00+00:00,1.6399999856948853,1.649999976158142,1.5800000429153442,1.6100000143051147,895200,0.0,0
2018-04-05 00:00:00+00:00,1.6200000047683716,1.6299999952316284,1.5499999523162842,1.5800000429153442,923900,0.0,0
2018-04-06 00:00:00+00:00,1.590000033378601,1.649999976158142,1.5800000429153442,1.6200000047683716,376800,0.0,0
2018-04-09 00:00:00+00:00,1.6299999952316284,1.659999966621399,1.590000033378601,1.6100000143051147,252500,0.0,0
2018-04-10 00:00:00+00:00,1.649999976158142,1.7000000476837158,1.6299999952316284,1.7000000476837158,528500,0.0,0
2018-04-11 00:00:00+00:00,1.690000057220459,1.7699999809265137,1.6699999570846558,1.7300000190734863,907200,0.0,0
2018-04-12 00:00:00+00:00,1.75,1.7599999904632568,1.6799999475479126,1.690000057220459,735100,0.0,0
2018-04-13 00:00:00+00:00,1.7100000381469727,1.7599999904632568,1.649999976158142,1.7000000476837158,490300,0.0,0
2018-04-16 00:00:00+00:00,1.7300000190734863,1.75,1.7000000476837158,1.7200000286102295,625800,0.0,0
2018-04-17 00:00:00+00:00,1.7200000286102295,1.75,1.7000000476837158,1.75,945700,0.0,0
2018-04-18 00:00:00+00:00,1.75,1.75,1.6799999475479126,1.690000057220459,464000,0.0,0
2018-04-19 00:00:00+00:00,1.7000000476837158,1.7100000381469727,1.690000057220459,1.7100000381469727,225400,0.0,0
2018-04-20 00:00:00+00:00,1.7400000095367432,1.7699999809265137,1.7000000476837158,1.7599999904632568,381100,0.0,0
2018-04-23 00:00:00+00:00,1.7799999713897705,1.7999999523162842,1.75,1.7699999809265137,398400,0.0,0
2018-04-24 00:00:00+00:00,1.7699999809265137,1.7899999618530273,1.7300000190734863,1.75,258700,0.0,0
2018-04-25 00:00:00+00:00,1.7799999713897705,2.049999952316284,1.7799999713897705,1.9600000381469727,1694100,0.0,0
2018-04-26 00:00:00+00:00,1.9600000381469727,2.059999942779541,1.850000023841858,1.899999976158142,1046600,0.0,0
2018-04-27 00:00:00+00:00,1.9299999475479126,2.1500000953674316,1.9199999570846558,2.0899999141693115,1446600,0.0,0
2018-04-30 00:00:00+00:00,2.0999999046325684,2.25,2.0899999141693115,2.2100000381469727,1613300,0.0,0
2018-05-01 00:00:00+00:00,2.2100000381469727,2.2100000381469727,2.069999933242798,2.0899999141693115,893500,0.0,0
2018-05-02 00:00:00+00:00,2.0799999237060547,2.180000066757202,2.0399999618530273,2.140000104904175,643200,0.0,0
2018-05-03 00:00:00+00:00,2.1500000953674316,2.1500000953674316,1.9600000381469727,1.9900000095367432,373100,0.0,0
2018-05-04 00:00:00+00:00,2.009999990463257,2.0199999809265137,1.9800000190734863,2.0199999809265137,404300,0.0,0
2018-05-07 00:00:00+00:00,2.069999933242798,2.0999999046325684,1.9700000286102295,2.0,614800,0.0,0
2018-05-08 00:00:00+00:00,2.0399999618530273,2.0799999237060547,1.9900000095367432,2.0199999809265137,791000,0.0,0
2018-05-09 00:00:00+00:00,2.0299999713897705,2.2300000190734863,2.0299999713897705,2.1700000762939453,1250600,0.0,0
2018-05-10 00:00:00+00:00,2.190000057220459,2.200000047683716,2.140000104904175,2.180000066757202,375800,0.0,0
2018-05-11 00:00:00+00:00,2.180000066757202,2.25,2.140000104904175,2.140000104904175,521900,0.0,0
2018-05-14 00:00:00+00:00,2.140000104904175,2.2100000381469727,2.0999999046325684,2.1500000953674316,465400,0.0,0
2018-05-15 00:00:00+00:00,2.1500000953674316,2.1500000953674316,2.009999990463257,2.0199999809265137,741800,0.0,0
2018-05-16 00:00:00+00:00,2.0199999809265137,2.0999999046325684,1.9700000286102295,2.059999942779541,786300,0.0,0
2018-05-17 00:00:00+00:00,2.059999942779541,2.0899999141693115,2.0199999809265137,2.049999952316284,158400,0.0,0
2018-05-18 00:00:00+00:00,2.049999952316284,2.1500000953674316,2.009999990463257,2.119999885559082,212000,0.0,0
2018-05-22 00:00:00+00:00,2.0799999237060547,2.200000047683716,2.0799999237060547,2.180000066757202,524500,0.0,0
2018-05-23 00:00:00+00:00,2.1700000762939453,2.200000047683716,2.1500000953674316,2.1600000858306885,374600,0.0,0
2018-05-24 00:00:00+00:00,2.1600000858306885,2.2300000190734863,2.1500000953674316,2.190000057220459,391600,0.0,0
2018-05-25 00:00:00+00:00,2.2100000381469727,2.390000104904175,2.180000066757202,2.3299999237060547,831100,0.0,0
2018-05-28 00:00:00+00:00,2.299999952316284,2.390000104904175,2.25,2.25,237000,0.0,0
2018-05-29 00:00:00+00:00,2.240000009536743,2.2899999618530273,2.2200000286102295,2.259999990463257,266200,0.0,0
2018-05-30 00:00:00+00:00,2.2100000381469727,2.2799999713897705,2.200000047683716,2.25,407800,0.0,0
2018-05-31 00:00:00+00:00,2.25,2.3499999046325684,2.25,2.3299999237060547,2792300,0.0,0
2018-06-01 00:00:00+00:00,2.3499999046325684,2.4700000286102295,2.2899999618530273,2.4000000953674316,494900,0.0,0
2018-06-04 00:00:00+00:00,2.380000114440918,2.5,2.380000114440918,2.380000114440918,409300,0.0,0
2018-06-05 00:00:00+00:00,2.4000000953674316,2.4800000190734863,2.3299999237060547,2.450000047683716,316900,0.0,0
2018-06-06 00:00:00+00:00,2.4600000381469727,2.6600000858306885,2.430000066757202,2.5799999237060547,918400,0.0,0
2018-06-07 00:00:00+00:00,2.5799999237060547,2.609999895095825,2.4600000381469727,2.490000009536743,705400,0.0,0
2018-06-08 00:00:00+00:00,2.490000009536743,2.609999895095825,2.490000009536743,2.559999942779541,369200,0.0,0
2018-06-11 00:00:00+00:00,2.569999933242798,2.5799999237060547,2.4100000858306885,2.440000057220459,341100,0.0,0
2018-06-12 00:00:00+00:00,2.440000057220459,2.569999933242798,2.440000057220459,2.4800000190734863,284500,0.0,0
2018-06-13 00:00:00+00:00,2.5,2.5299999713897705,2.450000047683716,2.4700000286102295,214000,0.0,0
2018-06-14 00:00:00+00:00,2.4100000858306885,2.490000009536743,2.4000000953674316,2.4000000953674316,685300,0.0,0
2018-06-15 00:00:00+00:00,2.4000000953674316,2.450000047683716,2.3499999046325684,2.4100000858306885,383100,0.0,0
2018-06-18 00:00:00+00:00,2.4000000953674316,2.4700000286102295,2.3499999046325684,2.4100000858306885,202100,0.0,0
2018-06-19 00:00:00+00:00,2.390000104904175,2.440000057220459,2.3499999046325684,2.380000114440918,220500,0.0,0
2018-06-20 00:00:00+00:00,2.390000104904175,2.390000104904175,2.1600000858306885,2.1700000762939453,779700,0.0,0
2018-06-21 00:00:00+00:00,2.1700000762939453,2.299999952316284,2.130000114440918,2.140000104904175,593400,0.0,0
2018-06-22 00:00:00+00:00,2.1500000953674316,2.2100000381469727,2.0999999046325684,2.140000104904175,359200,0.0,0
2018-06-25 00:00:00+00:00,2.109999895095825,2.1700000762939453,2.0999999046325684,2.130000114440918,211800,0.0,0
2018-06-26 00:00:00+00:00,2.119999885559082,2.3299999237060547,2.119999885559082,2.259999990463257,421600,0.0,0
2018-06-27 00:00:00+00:00,2.259999990463257,2.2699999809265137,2.1500000953674316,2.180000066757202,261800,0.0,0
2018-06-28 00:00:00+00:00,2.1600000858306885,2.2100000381469727,2.109999895095825,2.1700000762939453,236100,0.0,0
2018-06-29 00:00:00+00:00,2.1700000762939453,2.4100000858306885,2.1700000762939453,2.319999933242798,673200,0.0,0
2018-07-03 00:00:00+00:00,2.319999933242798,2.3399999141693115,2.2300000190734863,2.299999952316284,206100,0.0,0
2018-07-04 00:00:00+00:00,2.3299999237060547,2.490000009536743,2.309999942779541,2.3399999141693115,339000,0.0,0
2018-07-05 00:00:00+00:00,2.430000066757202,2.430000066757202,2.2899999618530273,2.4000000953674316,256600,0.0,0
2018-07-06 00:00:00+00:00,2.390000104904175,2.4600000381469727,2.319999933242798,2.369999885559082,358100,0.0,0
2018-07-09 00:00:00+00:00,2.4000000953674316,2.4100000858306885,2.3299999237060547,2.359999895095825,136300,0.0,0
2018-07-10 00:00:00+00:00,2.380000114440918,2.4100000858306885,2.3399999141693115,2.369999885559082,192000,0.0,0
2018-07-11 00:00:00+00:00,2.369999885559082,2.369999885559082,2.2699999809265137,2.2899999618530273,189700,0.0,0
2018-07-12 00:00:00+00:00,2.2899999618530273,2.380000114440918,2.2699999809265137,2.3299999237060547,271700,0.0,0
2018-07-13 00:00:00+00:00,2.3299999237060547,2.359999895095825,2.309999942779541,2.359999895095825,152900,0.0,0
2018-07-16 00:00:00+00:00,2.380000114440918,2.4000000953674316,2.3399999141693115,2.369999885559082,215100,0.0,0
2018-07-17 00:00:00+00:00,2.369999885559082,2.369999885559082,2.25,2.299999952316284,297600,0.0,0
2018-07-18 00:00:00+00:00,2.2699999809265137,2.299999952316284,2.25,2.259999990463257,200900,0.0,0
2018-07-19 00:00:00+00:00,2.259999990463257,2.369999885559082,2.25,2.299999952316284,236900,0.0,0
2018-07-20 00:00:00+00:00,2.509999990463257,2.7899999618530273,2.390000104904175,2.7200000286102295,1964900,0.0,0
2018-07-23 00:00:00+00:00,2.7200000286102295,2.740000009536743,2.5399999618530273,2.5899999141693115,694100,0.0,0
2018-07-24 00:00:00+00:00,2.5899999141693115,2.609999895095825,2.4200000762939453,2.5,638500,0.0,0
2018-07-25 00:00:00+00:00,3.5899999141693115,3.680000066757202,3.2200000286102295,3.390000104904175,8616900,0.0,0
2018-07-26 00:00:00+00:00,3.380000114440918,3.559999942779541,3.3299999237060547,3.440000057220459,3413300,0.0,0
2018-07-27 00:00:00+00:00,3.450000047683716,3.5799999237060547,3.440000057220459,3.5,2148400,0.0,0
2018-07-30 00:00:00+00:00,3.5,3.5199999809265137,3.4100000858306885,3.4700000286102295,1327300,0.0,0
2018-07-31 00:00:00+00:00,3.430000066757202,3.4700000286102295,3.4100000858306885,3.4600000381469727,974600,0.0,0
2018-08-01 00:00:00+00:00,3.5,3.5299999713897705,3.430000066757202,3.4700000286102295,989900,0.0,0
2018-08-02 00:00:00+00:00,3.5,3.5199999809265137,3.430000066757202,3.4600000381469727,1659500,0.0,0
2018-08-03 00:00:00+00:00,3.4200000762939453,3.9700000286102295,3.4200000762939453,3.740000009536743,2772500,0.0,0
2018-08-07 00:00:00+00:00,3.930000066757202,3.9800000190734863,3.7100000381469727,3.7699999809265137,2568700,0.0,0
2018-08-08 00:00:00+00:00,3.7899999618530273,3.819999933242798,3.700000047683716,3.759999990463257,1025300,0.0,0
2018-08-09 00:00:00+00:00,3.75,4.019999980926514,3.75,3.9200000762939453,1673800,0.0,0
2018-08-10 00:00:00+00:00,3.940000057220459,3.9700000286102295,3.859999895095825,3.9200000762939453,834900,0.0,0
2018-08-13 00:00:00+00:00,3.940000057220459,3.9600000381469727,3.7100000381469727,3.7300000190734863,843700,0.0,0
2018-08-14 00:00:00+00:00,3.7100000381469727,3.7799999713897705,3.6600000858306885,3.759999990463257,1158000,0.0,0
2018-08-15 00:00:00+00:00,3.7799999713897705,3.7799999713897705,3.6700000762939453,3.740000009536743,1187300,0.0,0
2018-08-16 00:00:00+00:00,3.740000009536743,3.75,3.700000047683716,3.740000009536743,281500,0.0,0
2018-08-17 00:00:00+00:00,3.75,3.7799999713897705,3.7200000286102295,3.75,368700,0.0,0
2018-08-20 00:00:00+00:00,3.75,3.859999895095825,3.7200000286102295,3.8399999141693115,542400,0.0,0
2018-08-21 00:00:00+00:00,4.5,4.599999904632568,4.159999847412109,4.210000038146973,5582000,0.0,0
2018-08-22 00:00:00+00:00,4.210000038146973,4.28000020980835,4.010000228881836,4.190000057220459,1699800,0.0,0
2018-08-23 00:00:00+00:00,4.150000095367432,4.199999809265137,4.070000171661377,4.179999828338623,487200,0.0,0
2018-08-24 00:00:00+00:00,4.159999847412109,4.230000019073486,4.099999904632568,4.199999809265137,511000,0.0,0
2018-08-27 00:00:00+00:00,4.190000057220459,4.190000057220459,4.010000228881836,4.130000114440918,924200,0.0,0
2018-08-28 00:00:00+00:00,4.110000133514404,4.110000133514404,3.9700000286102295,4.010000228881836,506000,0.0,0
2018-08-29 00:00:00+00:00,4.010000228881836,4.139999866485596,4.010000228881836,4.099999904632568,540100,0.0,0
2018-08-30 00:00:00+00:00,4.119999885559082,4.199999809265137,4.090000152587891,4.150000095367432,558300,0.0,0
2018-08-31 00:00:00+00:00,4.159999847412109,4.21999979019165,4.070000171661377,4.110000133514404,730700,0.0,0
2018-09-04 00:00:00+00:00,4.090000152587891,4.230000019073486,4.050000190734863,4.210000038146973,706500,0.0,0
2018-09-05 00:00:00+00:00,4.179999828338623,4.239999771118164,4.110000133514404,4.21999979019165,488700,0.0,0
2018-09-06 00:00:00+00:00,4.179999828338623,4.210000038146973,4.130000114440918,4.159999847412109,282100,0.0,0
2018-09-07 00:00:00+00:00,4.150000095367432,4.179999828338623,4.090000152587891,4.139999866485596,347000,0.0,0
2018-09-10 00:00:00+00:00,4.119999885559082,4.150000095367432,4.079999923706055,4.119999885559082,144000,0.0,0
2018-09-11 00:00:00+00:00,4.079999923706055,4.090000152587891,3.9200000762939453,3.990000009536743,624400,0.0,0
2018-09-12 00:00:00+00:00,3.9800000190734863,4.03000020980835,3.930000066757202,4.019999980926514,372100,0.0,0
2018-09-13 00:00:00+00:00,4.039999961853027,4.070000171661377,4.0,4.070000171661377,272900,0.0,0
2018-09-14 00:00:00+00:00,4.050000190734863,4.179999828338623,4.0,4.170000076293945,288300,0.0,0
2018-09-17 00:00:00+00:00,4.139999866485596,4.230000019073486,4.119999885559082,4.210000038146973,1129700,0.0,0
2018-09-18 00:00:00+00:00,4.190000057220459,4.210000038146973,4.110000133514404,4.199999809265137,240400,0.0,0
2018-09-19 00:00:00+00:00,4.179999828338623,4.190000057220459,4.099999904632568,4.119999885559082,363800,0.0,0
2018-09-20 00:00:00+00:00,4.110000133514404,4.150000095367432,4.079999923706055,4.139999866485596,233300,0.0,0
2018-09-21 00:00:00+00:00,4.110000133514404,4.150000095367432,4.099999904632568,4.099999904632568,519400,0.0,0
2018-09-24 00:00:00+00:00,4.090000152587891,4.25,4.090000152587891,4.230000019073486,900700,0.0,0
2018-09-25 00:00:00+00:00,4.25,4.480000019073486,4.210000038146973,4.449999809265137,2621600,0.0,0
2018-09-26 00:00:00+00:00,4.460000038146973,4.550000190734863,4.429999828338623,4.539999961853027,2054100,0.0,0
2018-09-27 00:00:00+00:00,4.5,4.570000171661377,4.489999771118164,4.550000190734863,991800,0.0,0
2018-09-28 00:00:00+00:00,4.5,4.579999923706055,4.440000057220459,4.53000020980835,1045700,0.0,0
2018-10-01 00:00:00+00:00,4.519999980926514,4.559999942779541,4.480000019073486,4.5,445600,0.0,0
2018-10-02 00:00:00+00:00,4.489999771118164,4.489999771118164,4.090000152587891,4.110000133514404,496600,0.0,0
2018-10-03 00:00:00+00:00,4.130000114440918,4.260000228881836,4.119999885559082,4.230000019073486,402100,0.0,0
2018-10-04 00:00:00+00:00,4.230000019073486,4.25,4.130000114440918,4.190000057220459,268700,0.0,0
2018-10-05 00:00:00+00:00,4.179999828338623,4.199999809265137,4.099999904632568,4.199999809265137,285500,0.0,0
2018-10-09 00:00:00+00:00,4.170000076293945,4.190000057220459,3.9800000190734863,4.039999961853027,410300,0.0,0
2018-10-10 00:00:00+00:00,4.039999961853027,4.139999866485596,4.010000228881836,4.099999904632568,387300,0.0,0
2018-10-11 00:00:00+00:00,3.9800000190734863,4.090000152587891,3.859999895095825,4.070000171661377,1159500,0.0,0
2018-10-12 00:00:00+00:00,4.070000171661377,4.090000152587891,3.859999895095825,3.950000047683716,487800,0.0,0
2018-10-15 00:00:00+00:00,3.950000047683716,4.0,3.869999885559082,3.9700000286102295,243600,0.0,0
2018-10-16 00:00:00+00:00,3.9600000381469727,4.079999923706055,3.9600000381469727,4.039999961853027,187300,0.0,0
2018-10-17 00:00:00+00:00,4.039999961853027,4.039999961853027,3.9200000762939453,4.019999980926514,246300,0.0,0
2018-10-18 00:00:00+00:00,3.9800000190734863,4.03000020980835,3.940000057220459,3.990000009536743,213000,0.0,0
2018-10-19 00:00:00+00:00,3.9800000190734863,4.03000020980835,3.9800000190734863,4.0,369700,0.0,0
2018-10-22 00:00:00+00:00,4.0,4.019999980926514,3.9600000381469727,3.990000009536743,222300,0.0,0
2018-10-23 00:00:00+00:00,3.950000047683716,3.990000009536743,3.8399999141693115,3.9700000286102295,278400,0.0,0
2018-10-24 00:00:00+00:00,3.9700000286102295,4.019999980926514,3.880000114440918,3.9200000762939453,484100,0.0,0
2018-10-25 00:00:00+00:00,3.9000000953674316,4.010000228881836,3.880000114440918,3.9700000286102295,457600,0.0,0
2018-10-26 00:00:00+00:00,3.940000057220459,4.0,3.869999885559082,3.9000000953674316,494300,0.0,0
2018-10-29 00:00:00+00:00,3.9100000858306885,3.990000009536743,3.8299999237060547,3.8499999046325684,441500,0.0,0
2018-10-30 00:00:00+00:00,3.809999942779541,3.940000057220459,3.809999942779541,3.890000104904175,208100,0.0,0
2018-10-31 00:00:00+00:00,3.930000066757202,3.9700000286102295,3.859999895095825,3.950000047683716,287900,0.0,0
2018-11-01 00:00:00+00:00,3.9700000286102295,3.9800000190734863,3.9100000858306885,3.9600000381469727,289200,0.0,0
2018-11-02 00:00:00+00:00,3.950000047683716,3.990000009536743,3.9100000858306885,3.9700000286102295,150800,0.0,0
2018-11-05 00:00:00+00:00,3.9700000286102295,4.0,3.930000066757202,3.9800000190734863,148100,0.0,0
2018-11-06 00:00:00+00:00,3.9700000286102295,4.010000228881836,3.950000047683716,3.9800000190734863,135100,0.0,0
2018-11-07 00:00:00+00:00,3.990000009536743,4.019999980926514,3.9700000286102295,4.0,141900,0.0,0
2018-11-08 00:00:00+00:00,3.990000009536743,4.079999923706055,3.9700000286102295,4.010000228881836,283300,0.0,0
2018-11-09 00:00:00+00:00,3.990000009536743,4.03000020980835,3.940000057220459,3.9800000190734863,236400,0.0,0
2018-11-12 00:00:00+00:00,3.9800000190734863,4.019999980926514,3.930000066757202,3.990000009536743,164200,0.0,0
2018-11-13 00:00:00+00:00,3.9700000286102295,4.010000228881836,3.7100000381469727,3.799999952316284,329100,0.0,0
2018-11-14 00:00:00+00:00,3.7899999618530273,3.9100000858306885,3.6500000953674316,3.700000047683716,784100,0.0,0
2018-11-15 00:00:00+00:00,3.7100000381469727,3.7699999809265137,3.6500000953674316,3.7300000190734863,402400,0.0,0
2018-11-16 00:00:00+00:00,3.700000047683716,3.759999990463257,3.690000057220459,3.7200000286102295,778800,0.0,0
2018-11-19 00:00:00+00:00,3.6500000953674316,3.7799999713897705,3.6500000953674316,3.75,373500,0.0,0
2018-11-20 00:00:00+00:00,3.7300000190734863,3.759999990463257,3.6500000953674316,3.700000047683716,1170000,0.0,0
2018-11-21 00:00:00+00:00,3.7300000190734863,3.740000009536743,3.6500000953674316,3.690000057220459,295500,0.0,0
2018-11-22 00:00:00+00:00,3.680000066757202,3.7699999809265137,3.680000066757202,3.740000009536743,36200,0.0,0
2018-11-23 00:00:00+00:00,3.740000009536743,3.7899999618530273,3.6700000762939453,3.75,249800,0.0,0
2018-11-26 00:00:00+00:00,3.75,4.159999847412109,3.75,3.8299999237060547,1013100,0.0,0
2018-11-27 00:00:00+00:00,3.7899999618530273,3.799999952316284,3.5799999237060547,3.7200000286102295,515400,0.0,0
2018-11-28 00:00:00+00:00,3.7200000286102295,3.7200000286102295,3.559999942779541,3.6500000953674316,427800,0.0,0
2018-11-29 00:00:00+00:00,3.6500000953674316,3.6500000953674316,3.4700000286102295,3.509999990463257,631000,0.0,0
2018-11-30 00:00:00+00:00,3.5,3.559999942779541,3.4600000381469727,3.5199999809265137,472900,0.0,0
2018-12-03 00:00:00+00:00,3.5199999809265137,3.549999952316284,3.4100000858306885,3.4700000286102295,274900,0.0,0
2018-12-04 00:00:00+00:00,3.4100000858306885,3.450000047683716,3.309999942779541,3.3299999237060547,423100,0.0,0
2018-12-05 00:00:00+00:00,3.309999942779541,3.4000000953674316,3.2799999713897705,3.359999895095825,193500,0.0,0
2018-12-06 00:00:00+00:00,3.299999952316284,3.3499999046325684,3.2699999809265137,3.3499999046325684,350800,0.0,0
2018-12-07 00:00:00+00:00,3.3399999141693115,3.369999885559082,3.2799999713897705,3.3399999141693115,328700,0.0,0
2018-12-10 00:00:00+00:00,3.3399999141693115,3.3399999141693115,3.259999990463257,3.3299999237060547,204300,0.0,0
2018-12-11 00:00:00+00:00,3.3499999046325684,3.380000114440918,3.2799999713897705,3.319999933242798,267600,0.0,0
2018-12-12 00:00:00+00:00,3.3399999141693115,3.4100000858306885,3.259999990463257,3.3399999141693115,374600,0.0,0
2018-12-13 00:00:00+00:00,3.359999895095825,3.359999895095825,3.2699999809265137,3.3299999237060547,325900,0.0,0
2018-12-14 00:00:00+00:00,3.309999942779541,3.319999933242798,3.2200000286102295,3.2200000286102295,655300,0.0,0
2018-12-17 00:00:00+00:00,3.200000047683716,3.2799999713897705,3.130000114440918,3.2100000381469727,528200,0.0,0
2018-12-18 00:00:00+00:00,3.190000057220459,3.240000009536743,3.140000104904175,3.2300000190734863,319000,0.0,0
2018-12-19 00:00:00+00:00,3.190000057220459,3.430000066757202,3.1600000858306885,3.2899999618530273,521100,0.0,0
2018-12-20 00:00:00+00:00,3.2699999809265137,3.309999942779541,3.240000009536743,3.2899999618530273,370300,0.0,0
2018-12-21 00:00:00+00:00,3.299999952316284,3.369999885559082,3.2799999713897705,3.3499999046325684,834100,0.0,0
2018-12-24 00:00:00+00:00,3.309999942779541,3.380000114440918,3.309999942779541,3.3499999046325684,201300,0.0,0
2018-12-27 00:00:00+00:00,3.359999895095825,3.4800000190734863,3.3399999141693115,3.4700000286102295,210800,0.0,0
2018-12-28 00:00:00+00:00,3.5,3.6600000858306885,3.490000009536743,3.640000104904175,168100,0.0,0
2018-12-31 00:00:00+00:00,3.640000104904175,3.740000009536743,3.619999885559082,3.690000057220459,299000,0.0,0
2019-01-02 00:00:00+00:00,3.6600000858306885,3.680000066757202,3.559999942779541,3.609999895095825,373300,0.0,0
2019-01-03 00:00:00+00:00,3.5999999046325684,3.6700000762939453,3.5799999237060547,3.609999895095825,302800,0.0,0
2019-01-04 00:00:00+00:00,3.630000114440918,3.690000057220459,3.569999933242798,3.6700000762939453,388200,0.0,0
2019-01-07 00:00:00+00:00,3.690000057220459,3.7699999809265137,3.619999885559082,3.700000047683716,243200,0.0,0
2019-01-08 00:00:00+00:00,3.7200000286102295,3.8399999141693115,3.7200000286102295,3.799999952316284,181800,0.0,0
2019-01-09 00:00:00+00:00,3.759999990463257,3.9000000953674316,3.7200000286102295,3.7699999809265137,335500,0.0,0
2019-01-10 00:00:00+00:00,3.75,3.940000057220459,3.7100000381469727,3.880000114440918,809000,0.0,0
2019-01-11 00:00:00+00:00,3.890000104904175,3.9200000762939453,3.8499999046325684,3.8499999046325684,465300,0.0,0
2019-01-14 00:00:00+00:00,3.859999895095825,3.9100000858306885,3.740000009536743,3.759999990463257,602300,0.0,0
2019-01-15 00:00:00+00:00,3.75,3.8299999237060547,3.7300000190734863,3.740000009536743,218600,0.0,0
2019-01-16 00:00:00+00:00,3.7200000286102295,3.809999942779541,3.690000057220459,3.740000009536743,430800,0.0,0
2019-01-17 00:00:00+00:00,3.7300000190734863,3.75,3.6700000762939453,3.690000057220459,129000,0.0,0
2019-01-18 00:00:00+00:00,3.6700000762939453,3.700000047683716,3.5899999141693115,3.690000057220459,361700,0.0,0
2019-01-21 00:00:00+00:00,3.630000114440918,3.7300000190734863,3.630000114440918,3.6700000762939453,53700,0.0,0
2019-01-22 00:00:00+00:00,3.690000057220459,3.7100000381469727,3.5999999046325684,3.5999999046325684,208400,0.0,0
2019-01-23 00:00:00+00:00,3.5999999046325684,3.6600000858306885,3.5999999046325684,3.630000114440918,186300,0.0,0
2019-01-24 00:00:00+00:00,3.609999895095825,3.6600000858306885,3.609999895095825,3.640000104904175,207600,0.0,0
2019-01-25 00:00:00+00:00,3.6500000953674316,3.6600000858306885,3.609999895095825,3.640000104904175,112800,0.0,0
2019-01-28 00:00:00+00:00,3.619999885559082,3.6500000953674316,3.5799999237060547,3.5999999046325684,176700,0.0,0
2019-01-29 00:00:00+00:00,3.5899999141693115,3.619999885559082,3.569999933242798,3.5799999237060547,108900,0.0,0
2019-01-30 00:00:00+00:00,3.5899999141693115,3.609999895095825,3.549999952316284,3.5899999141693115,141100,0.0,0
2019-01-31 00:00:00+00:00,3.559999942779541,3.6600000858306885,3.559999942779541,3.640000104904175,218400,0.0,0
2019-02-01 00:00:00+00:00,3.640000104904175,3.799999952316284,3.630000114440918,3.7300000190734863,300700,0.0,0
2019-02-04 00:00:00+00:00,3.75,3.759999990463257,3.700000047683716,3.740000009536743,197100,0.0,0
2019-02-05 00:00:00+00:00,3.7300000190734863,3.809999942779541,3.7100000381469727,3.7799999713897705,177300,0.0,0
2019-02-06 00:00:00+00:00,3.7899999618530273,3.7899999618530273,3.6600000858306885,3.7300000190734863,261900,0.0,0
2019-02-07 00:00:00+00:00,3.7300000190734863,3.7799999713897705,3.680000066757202,3.680000066757202,192000,0.0,0
2019-02-08 00:00:00+00:00,3.680000066757202,3.759999990463257,3.609999895095825,3.6600000858306885,203100,0.0,0
2019-02-11 00:00:00+00:00,3.640000104904175,3.7699999809265137,3.609999895095825,3.700000047683716,154400,0.0,0
2019-02-12 00:00:00+00:00,3.7300000190734863,3.8299999237060547,3.6700000762939453,3.819999933242798,320900,0.0,0
2019-02-13 00:00:00+00:00,3.819999933242798,3.8299999237060547,3.700000047683716,3.740000009536743,266500,0.0,0
2019-02-14 00:00:00+00:00,3.7300000190734863,3.7899999618530273,3.7100000381469727,3.7699999809265137,223200,0.0,0
2019-02-15 00:00:00+00:00,3.7200000286102295,3.880000114440918,3.7200000286102295,3.8299999237060547,201700,0.0,0
2019-02-19 00:00:00+00:00,3.7899999618530273,3.819999933242798,3.740000009536743,3.7899999618530273,82000,0.0,0
2019-02-20 00:00:00+00:00,3.799999952316284,3.859999895095825,3.7699999809265137,3.7799999713897705,183300,0.0,0
2019-02-21 00:00:00+00:00,3.7799999713897705,3.7799999713897705,3.7200000286102295,3.75,129900,0.0,0
2019-02-22 00:00:00+00:00,3.75,3.809999942779541,3.7200000286102295,3.75,104700,0.0,0
2019-02-25 00:00:00+00:00,3.759999990463257,3.809999942779541,3.6500000953674316,3.7200000286102295,203300,0.0,0
2019-02-26 00:00:00+00:00,3.700000047683716,3.7799999713897705,3.700000047683716,3.7699999809265137,112500,0.0,0
2019-02-27 00:00:00+00:00,3.759999990463257,3.799999952316284,3.75,3.759999990463257,120000,0.0,0
2019-02-28 00:00:00+00:00,3.75,3.799999952316284,3.75,3.799999952316284,181600,0.0,0
2019-03-01 00:00:00+00:00,3.799999952316284,3.8299999237060547,3.7699999809265137,3.7799999713897705,174600,0.0,0
2019-03-04 00:00:00+00:00,3.759999990463257,3.8499999046325684,3.759999990463257,3.799999952316284,241900,0.0,0
2019-03-05 00:00:00+00:00,3.799999952316284,3.8299999237060547,3.759999990463257,3.799999952316284,161200,0.0,0
2019-03-06 00:00:00+00:00,3.7699999809265137,3.8299999237060547,3.7300000190734863,3.7699999809265137,152900,0.0,0
2019-03-07 00:00:00+00:00,3.759999990463257,3.7899999618530273,3.7100000381469727,3.7799999713897705,294700,0.0,0
2019-03-08 00:00:00+00:00,3.740000009536743,3.7799999713897705,3.7200000286102295,3.759999990463257,110800,0.0,0
2019-03-11 00:00:00+00:00,3.7300000190734863,3.799999952316284,3.7300000190734863,3.7699999809265137,139700,0.0,0
2019-03-12 00:00:00+00:00,3.7699999809265137,3.819999933242798,3.7699999809265137,3.809999942779541,104900,0.0,0
2019-03-13 00:00:00+00:00,3.819999933242798,3.819999933242798,3.7799999713897705,3.809999942779541,70600,0.0,0
2019-03-14 00:00:00+00:00,3.809999942779541,3.809999942779541,3.7200000286102295,3.740000009536743,260900,0.0,0
2019-03-15 00:00:00+00:00,3.740000009536743,3.7799999713897705,3.5899999141693115,3.690000057220459,491000,0.0,0
2019-03-18 00:00:00+00:00,3.690000057220459,3.809999942779541,3.630000114440918,3.7899999618530273,170000,0.0,0
2019-03-19 00:00:00+00:00,3.700000047683716,3.7699999809265137,3.640000104904175,3.700000047683716,2381900,0.0,0
2019-03-20 00:00:00+00:00,3.700000047683716,3.75,3.690000057220459,3.7300000190734863,184400,0.0,0
2019-03-21 00:00:00+00:00,3.7200000286102295,3.7699999809265137,3.7200000286102295,3.75,47700,0.0,0
2019-03-22 00:00:00+00:00,3.75,3.759999990463257,3.700000047683716,3.759999990463257,120200,0.0,0
2019-03-25 00:00:00+00:00,3.75,3.8299999237060547,3.690000057220459,3.799999952316284,127500,0.0,0
2019-03-26 00:00:00+00:00,3.7699999809265137,3.819999933242798,3.7699999809265137,3.799999952316284,429800,0.0,0
2019-03-27 00:00:00+00:00,3.7799999713897705,3.8299999237060547,3.7699999809265137,3.7899999618530273,389200,0.0,0
2019-03-28 00:00:00+00:00,3.890000104904175,3.950000047683716,3.7799999713897705,3.8499999046325684,1289900,0.0,0
2019-03-29 00:00:00+00:00,3.890000104904175,3.9700000286102295,3.8499999046325684,3.9200000762939453,953500,0.0,0
2019-04-01 00:00:00+00:00,3.9700000286102295,4.050000190734863,3.9700000286102295,3.990000009536743,703100,0.0,0
2019-04-02 00:00:00+00:00,3.990000009536743,3.990000009536743,3.869999885559082,3.9000000953674316,201300,0.0,0
2019-04-03 00:00:00+00:00,3.9200000762939453,3.930000066757202,3.8499999046325684,3.880000114440918,201100,0.0,0
2019-04-04 00:00:00+00:00,3.869999885559082,3.9200000762939453,3.819999933242798,3.9100000858306885,666200,0.0,0
2019-04-05 00:00:00+00:00,3.930000066757202,4.010000228881836,3.880000114440918,3.880000114440918,1133900,0.0,0
2019-04-08 00:00:00+00:00,4.019999980926514,4.110000133514404,3.9800000190734863,4.050000190734863,2730000,0.0,0
2019-04-09 00:00:00+00:00,4.050000190734863,4.190000057220459,4.050000190734863,4.170000076293945,1271700,0.0,0
2019-04-10 00:00:00+00:00,4.159999847412109,4.21999979019165,4.119999885559082,4.210000038146973,866800,0.0,0
2019-04-11 00:00:00+00:00,4.199999809265137,4.239999771118164,4.119999885559082,4.210000038146973,482000,0.0,0
2019-04-12 00:00:00+00:00,4.210000038146973,4.210000038146973,4.159999847412109,4.159999847412109,200800,0.0,0
2019-04-15 00:00:00+00:00,4.159999847412109,4.199999809265137,4.150000095367432,4.170000076293945,336800,0.0,0
2019-04-16 00:00:00+00:00,4.179999828338623,4.239999771118164,4.159999847412109,4.21999979019165,1190600,0.0,0
2019-04-17 00:00:00+00:00,4.210000038146973,4.239999771118164,4.210000038146973,4.21999979019165,461800,0.0,0
2019-04-18 00:00:00+00:00,4.21999979019165,4.239999771118164,4.159999847412109,4.190000057220459,1308500,0.0,0
2019-04-22 00:00:00+00:00,4.199999809265137,4.210000038146973,4.159999847412109,4.170000076293945,1223700,0.0,0
2019-04-23 00:00:00+00:00,4.179999828338623,4.199999809265137,4.079999923706055,4.130000114440918,1365500,0.0,0
2019-04-24 00:00:00+00:00,4.139999866485596,4.179999828338623,4.110000133514404,4.150000095367432,825500,0.0,0
2019-04-25 00:00:00+00:00,4.150000095367432,4.199999809265137,4.139999866485596,4.159999847412109,957200,0.0,0
2019-04-26 00:00:00+00:00,4.159999847412109,4.21999979019165,4.150000095367432,4.190000057220459,1766900,0.0,0
2019-04-29 00:00:00+00:00,4.179999828338623,4.210000038146973,4.159999847412109,4.179999828338623,647500,0.0,0
2019-04-30 00:00:00+00:00,4.159999847412109,4.199999809265137,4.159999847412109,4.190000057220459,650700,0.0,0
2019-05-01 00:00:00+00:00,4.179999828338623,4.190000057220459,4.150000095367432,4.159999847412109,1067000,0.0,0
2019-05-02 00:00:00+00:00,4.159999847412109,4.190000057220459,4.119999885559082,4.159999847412109,1207900,0.0,0
2019-05-03 00:00:00+00:00,4.170000076293945,4.199999809265137,4.159999847412109,4.179999828338623,1195100,0.0,0
2019-05-06 00:00:00+00:00,4.159999847412109,4.190000057220459,4.150000095367432,4.179999828338623,1229900,0.0,0
2019-05-07 00:00:00+00:00,4.170000076293945,4.179999828338623,4.159999847412109,4.179999828338623,587800,0.0,0
2019-05-08 00:00:00+00:00,4.170000076293945,4.190000057220459,4.170000076293945,4.170000076293945,1233800,0.0,0
2019-05-09 00:00:00+00:00,4.170000076293945,4.190000057220459,4.159999847412109,4.170000076293945,1578200,0.0,0
2019-05-10 00:00:00+00:00,4.170000076293945,4.190000057220459,4.159999847412109,4.190000057220459,1413300,0.0,0
2019-05-13 00:00:00+00:00,4.199999809265137,4.25,4.090000152587891,4.170000076293945,1593200,0.0,0
2019-05-14 00:00:00+00:00,4.190000057220459,4.199999809265137,4.139999866485596,4.159999847412109,1951700,0.0,0
2019-05-15 00:00:00+00:00,4.139999866485596,4.170000076293945,4.110000133514404,4.159999847412109,1597900,0.0,0
2019-05-16 00:00:00+00:00,4.150000095367432,4.28000020980835,4.150000095367432,4.25,3063400,0.0,0
2019-05-17 00:00:00+00:00,4.239999771118164,4.300000190734863,4.199999809265137,4.28000020980835,957200,0.0,0
2019-05-21 00:00:00+00:00,4.28000020980835,4.28000020980835,4.139999866485596,4.230000019073486,1598700,0.0,0
2019-05-22 00:00:00+00:00,4.0,4.059999942779541,3.75,3.859999895095825,3590600,0.0,0
2019-05-23 00:00:00+00:00,3.8299999237060547,3.880000114440918,3.700000047683716,3.7699999809265137,2152700,0.0,0
2019-05-24 00:00:00+00:00,3.7799999713897705,3.8399999141693115,3.759999990463257,3.759999990463257,423600,0.0,0
2019-05-27 00:00:00+00:00,3.759999990463257,3.799999952316284,3.690000057220459,3.7300000190734863,363500,0.0,0
2019-05-28 00:00:00+00:00,3.7200000286102295,3.759999990463257,3.569999933242798,3.5799999237060547,3270900,0.0,0
2019-05-29 00:00:00+00:00,3.5799999237060547,3.5799999237060547,3.3299999237060547,3.369999885559082,1878600,0.0,0
2019-05-30 00:00:00+00:00,3.380000114440918,3.450000047683716,3.3499999046325684,3.440000057220459,894600,0.0,0
2019-05-31 00:00:00+00:00,3.440000057220459,3.509999990463257,3.430000066757202,3.5,537700,0.0,0
2019-06-03 00:00:00+00:00,3.490000009536743,3.5399999618530273,3.490000009536743,3.5,1017400,0.0,0
2019-06-04 00:00:00+00:00,3.559999942779541,3.6600000858306885,3.5399999618530273,3.6500000953674316,580100,0.0,0
2019-06-05 00:00:00+00:00,3.640000104904175,3.640000104904175,3.5299999713897705,3.549999952316284,351600,0.0,0
2019-06-06 00:00:00+00:00,3.559999942779541,3.5899999141693115,3.5199999809265137,3.549999952316284,464300,0.0,0
2019-06-07 00:00:00+00:00,3.549999952316284,3.609999895095825,3.5399999618530273,3.549999952316284,247400,0.0,0
2019-06-10 00:00:00+00:00,3.559999942779541,3.6600000858306885,3.559999942779541,3.6500000953674316,304800,0.0,0
2019-06-11 00:00:00+00:00,3.6500000953674316,3.680000066757202,3.609999895095825,3.619999885559082,331900,0.0,0
2019-06-12 00:00:00+00:00,3.619999885559082,3.700000047683716,3.5899999141693115,3.6700000762939453,299500,0.0,0
2019-06-13 00:00:00+00:00,3.6600000858306885,3.799999952316284,3.640000104904175,3.700000047683716,428800,0.0,0
2019-06-14 00:00:00+00:00,3.700000047683716,3.700000047683716,3.5899999141693115,3.630000114440918,638700,0.0,0
2019-06-17 00:00:00+00:00,3.6600000858306885,3.819999933242798,3.6600000858306885,3.7699999809265137,590000,0.0,0
2019-06-18 00:00:00+00:00,3.7699999809265137,3.799999952316284,3.690000057220459,3.700000047683716,289700,0.0,0
2019-06-19 00:00:00+00:00,3.690000057220459,3.7799999713897705,3.6700000762939453,3.690000057220459,672700,0.0,0
2019-06-20 00:00:00+00:00,3.700000047683716,3.7699999809265137,3.700000047683716,3.7200000286102295,196900,0.0,0
2019-06-21 00:00:00+00:00,3.7200000286102295,3.7699999809265137,3.680000066757202,3.700000047683716,529400,0.0,0
2019-06-24 00:00:00+00:00,3.700000047683716,3.7300000190734863,3.6500000953674316,3.6500000953674316,263700,0.0,0
2019-06-25 00:00:00+00:00,3.6500000953674316,3.6500000953674316,3.5399999618530273,3.5399999618530273,736100,0.0,0
2019-06-26 00:00:00+00:00,3.549999952316284,3.700000047683716,3.5399999618530273,3.640000104904175,373600,0.0,0
2019-06-27 00:00:00+00:00,3.6500000953674316,3.700000047683716,3.640000104904175,3.6500000953674316,360200,0.0,0
2019-06-28 00:00:00+00:00,3.6500000953674316,3.819999933242798,3.619999885559082,3.819999933242798,676800,0.0,0
2019-07-02 00:00:00+00:00,3.5999999046325684,3.7799999713897705,3.549999952316284,3.7300000190734863,373300,0.0,0
2019-07-03 00:00:00+00:00,3.7300000190734863,3.7799999713897705,3.7100000381469727,3.7200000286102295,188900,0.0,0
2019-07-04 00:00:00+00:00,3.7200000286102295,3.7799999713897705,3.7100000381469727,3.7699999809265137,136800,0.0,0
2019-07-05 00:00:00+00:00,3.759999990463257,3.930000066757202,3.75,3.809999942779541,538800,0.0,0
2019-07-08 00:00:00+00:00,3.799999952316284,3.9000000953674316,3.799999952316284,3.8499999046325684,419500,0.0,0
2019-07-09 00:00:00+00:00,3.8299999237060547,3.859999895095825,3.7899999618530273,3.819999933242798,466600,0.0,0
2019-07-10 00:00:00+00:00,3.819999933242798,3.8399999141693115,3.7799999713897705,3.809999942779541,238800,0.0,0
2019-07-11 00:00:00+00:00,3.799999952316284,3.8399999141693115,3.759999990463257,3.809999942779541,463500,0.0,0
2019-07-12 00:00:00+00:00,3.819999933242798,3.8499999046325684,3.7799999713897705,3.8299999237060547,501100,0.0,0
2019-07-15 00:00:00+00:00,3.8299999237060547,3.9200000762939453,3.819999933242798,3.890000104904175,373300,0.0,0
2019-07-16 00:00:00+00:00,3.890000104904175,4.0,3.880000114440918,3.990000009536743,581800,0.0,0
2019-07-17 00:00:00+00:00,3.9700000286102295,4.019999980926514,3.75,3.7699999809265137,4325500,0.0,0
2019-07-18 00:00:00+00:00,3.7699999809265137,3.9100000858306885,3.700000047683716,3.8399999141693115,872600,0.0,0
2019-07-19 00:00:00+00:00,3.8499999046325684,3.9200000762939453,3.8499999046325684,3.890000104904175,238900,0.0,0
2019-07-22 00:00:00+00:00,3.8499999046325684,3.9800000190734863,3.740000009536743,3.7699999809265137,588200,0.0,0
2019-07-23 00:00:00+00:00,3.7799999713897705,3.809999942779541,3.740000009536743,3.759999990463257,392900,0.0,0
2019-07-24 00:00:00+00:00,3.75,3.9000000953674316,3.7300000190734863,3.869999885559082,225600,0.0,0
2019-07-25 00:00:00+00:00,3.859999895095825,3.890000104904175,3.809999942779541,3.8299999237060547,265100,0.0,0
2019-07-26 00:00:00+00:00,3.8399999141693115,3.9200000762939453,3.8399999141693115,3.8399999141693115,192900,0.0,0
2019-07-29 00:00:00+00:00,3.8499999046325684,3.8499999046325684,3.759999990463257,3.799999952316284,304000,0.0,0
2019-07-30 00:00:00+00:00,3.7799999713897705,3.859999895095825,3.7699999809265137,3.7799999713897705,488600,0.0,0
2019-07-31 00:00:00+00:00,3.7899999618530273,3.799999952316284,3.7200000286102295,3.740000009536743,421900,0.0,0
2019-08-01 00:00:00+00:00,3.75,3.759999990463257,3.6700000762939453,3.700000047683716,281400,0.0,0
2019-08-02 00:00:00+00:00,3.690000057220459,3.7300000190734863,3.6500000953674316,3.690000057220459,216700,0.0,0
2019-08-06 00:00:00+00:00,3.700000047683716,3.700000047683716,3.549999952316284,3.5799999237060547,300000,0.0,0
2019-08-07 00:00:00+00:00,3.559999942779541,3.569999933242798,3.4800000190734863,3.5299999713897705,221300,0.0,0
2019-08-08 00:00:00+00:00,3.5199999809265137,3.5299999713897705,3.119999885559082,3.2899999618530273,2308900,0.0,0
2019-08-09 00:00:00+00:00,3.2899999618530273,3.299999952316284,3.2300000190734863,3.240000009536743,379100,0.0,0
2019-08-12 00:00:00+00:00,3.2899999618530273,3.369999885559082,3.2899999618530273,3.2899999618530273,469800,0.0,0
2019-08-13 00:00:00+00:00,3.299999952316284,3.369999885559082,3.190000057220459,3.3299999237060547,333800,0.0,0
2019-08-14 00:00:00+00:00,3.4700000286102295,3.4700000286102295,3.2200000286102295,3.2799999713897705,396300,0.0,0
2019-08-15 00:00:00+00:00,3.2799999713897705,3.2799999713897705,3.0299999713897705,3.0299999713897705,484500,0.0,0
2019-08-16 00:00:00+00:00,3.059999942779541,3.140000104904175,2.990000009536743,3.0899999141693115,277500,0.0,0
2019-08-19 00:00:00+00:00,3.0899999141693115,3.380000114440918,3.0899999141693115,3.240000009536743,628500,0.0,0
2019-08-20 00:00:00+00:00,3.200000047683716,3.3499999046325684,3.200000047683716,3.319999933242798,1118000,0.0,0
2019-08-21 00:00:00+00:00,3.3299999237060547,3.3499999046325684,3.2799999713897705,3.3299999237060547,697500,0.0,0
2019-08-22 00:00:00+00:00,3.319999933242798,3.3399999141693115,3.180000066757202,3.25,479700,0.0,0
2019-08-23 00:00:00+00:00,3.25,3.2899999618530273,3.109999895095825,3.2200000286102295,334000,0.0,0
2019-08-26 00:00:00+00:00,3.2100000381469727,3.2899999618530273,3.1600000858306885,3.240000009536743,278800,0.0,0
2019-08-27 00:00:00+00:00,3.240000009536743,3.240000009536743,3.0999999046325684,3.140000104904175,272400,0.0,0
2019-08-28 00:00:00+00:00,3.140000104904175,3.1600000858306885,3.0799999237060547,3.0999999046325684,334200,0.0,0
2019-08-29 00:00:00+00:00,3.0999999046325684,3.1500000953674316,3.069999933242798,3.0799999237060547,215500,0.0,0
2019-08-30 00:00:00+00:00,3.0799999237060547,3.109999895095825,3.049999952316284,3.0799999237060547,247200,0.0,0
2019-09-03 00:00:00+00:00,3.069999933242798,3.0999999046325684,3.0399999618530273,3.0899999141693115,130100,0.0,0
2019-09-04 00:00:00+00:00,3.0999999046325684,3.200000047683716,3.0899999141693115,3.1600000858306885,342700,0.0,0
2019-09-05 00:00:00+00:00,3.1500000953674316,3.200000047683716,3.130000114440918,3.200000047683716,196700,0.0,0
2019-09-06 00:00:00+00:00,3.1700000762939453,3.240000009536743,3.1600000858306885,3.190000057220459,250800,0.0,0
2019-09-09 00:00:00+00:00,3.2100000381469727,3.2100000381469727,3.0999999046325684,3.1700000762939453,179400,0.0,0
2019-09-10 00:00:00+00:00,3.1600000858306885,3.2899999618530273,3.109999895095825,3.2699999809265137,222200,0.0,0
2019-09-11 00:00:00+00:00,3.259999990463257,3.4100000858306885,3.240000009536743,3.380000114440918,224800,0.0,0
2019-09-12 00:00:00+00:00,3.359999895095825,3.380000114440918,3.309999942779541,3.369999885559082,194900,0.0,0
2019-09-13 00:00:00+00:00,3.3299999237060547,3.559999942779541,3.3299999237060547,3.5,452800,0.0,0
2019-09-16 00:00:00+00:00,3.490000009536743,3.5199999809265137,3.450000047683716,3.4600000381469727,351300,0.0,0
2019-09-17 00:00:00+00:00,3.4600000381469727,3.549999952316284,3.4600000381469727,3.5199999809265137,245500,0.0,0
2019-09-18 00:00:00+00:00,3.5,3.549999952316284,3.4700000286102295,3.5,145300,0.0,0
2019-09-19 00:00:00+00:00,3.490000009536743,3.559999942779541,3.4700000286102295,3.5399999618530273,202400,0.0,0
2019-09-20 00:00:00+00:00,3.5399999618530273,3.619999885559082,3.5199999809265137,3.5999999046325684,348500,0.0,0
2019-09-23 00:00:00+00:00,3.5399999618530273,3.5899999141693115,3.450000047683716,3.5,341400,0.0,0
2019-09-24 00:00:00+00:00,3.5,3.5,3.430000066757202,3.4600000381469727,229900,0.0,0
2019-09-25 00:00:00+00:00,3.450000047683716,3.4800000190734863,3.430000066757202,3.450000047683716,190500,0.0,0
2019-09-26 00:00:00+00:00,3.450000047683716,3.4600000381469727,3.4100000858306885,3.440000057220459,498300,0.0,0
2019-09-27 00:00:00+00:00,3.4600000381469727,3.4800000190734863,3.369999885559082,3.4100000858306885,148000,0.0,0
2019-09-30 00:00:00+00:00,3.4000000953674316,3.4100000858306885,3.359999895095825,3.380000114440918,202400,0.0,0
2019-10-01 00:00:00+00:00,3.390000104904175,3.4000000953674316,3.2200000286102295,3.25,227500,0.0,0
2019-10-02 00:00:00+00:00,3.25,3.309999942779541,3.240000009536743,3.309999942779541,78100,0.0,0
2019-10-03 00:00:00+00:00,3.299999952316284,3.359999895095825,3.240000009536743,3.319999933242798,170100,0.0,0
2019-10-04 00:00:00+00:00,3.309999942779541,3.369999885559082,3.309999942779541,3.369999885559082,116800,0.0,0
2019-10-07 00:00:00+00:00,3.3299999237060547,3.4100000858306885,3.319999933242798,3.390000104904175,109500,0.0,0
2019-10-08 00:00:00+00:00,3.4000000953674316,3.4100000858306885,3.2699999809265137,3.319999933242798,200100,0.0,0
2019-10-09 00:00:00+00:00,3.3299999237060547,3.3399999141693115,3.2699999809265137,3.299999952316284,318800,0.0,0
2019-10-10 00:00:00+00:00,3.309999942779541,3.4100000858306885,3.2799999713897705,3.380000114440918,236400,0.0,0
2019-10-11 00:00:00+00:00,3.4000000953674316,3.4600000381469727,3.3499999046325684,3.369999885559082,99400,0.0,0
2019-10-15 00:00:00+00:00,3.3299999237060547,3.450000047683716,3.3299999237060547,3.4100000858306885,100100,0.0,0
2019-10-16 00:00:00+00:00,3.4100000858306885,3.430000066757202,3.359999895095825,3.390000104904175,85800,0.0,0
2019-10-17 00:00:00+00:00,3.4000000953674316,3.450000047683716,3.380000114440918,3.4200000762939453,78400,0.0,0
2019-10-18 00:00:00+00:00,3.4200000762939453,3.490000009536743,3.390000104904175,3.4600000381469727,109500,0.0,0
2019-10-21 00:00:00+00:00,3.4600000381469727,3.559999942779541,3.440000057220459,3.549999952316284,231400,0.0,0
2019-10-22 00:00:00+00:00,3.549999952316284,3.5799999237060547,3.5199999809265137,3.549999952316284,105300,0.0,0
2019-10-23 00:00:00+00:00,3.549999952316284,3.5799999237060547,3.5,3.569999933242798,109900,0.0,0
2019-10-24 00:00:00+00:00,3.569999933242798,3.569999933242798,3.5,3.569999933242798,190200,0.0,0
2019-10-25 00:00:00+00:00,3.450000047683716,3.5799999237060547,3.440000057220459,3.5799999237060547,165900,0.0,0
2019-10-28 00:00:00+00:00,3.549999952316284,3.5799999237060547,3.4800000190734863,3.509999990463257,71800,0.0,0
2019-10-29 00:00:00+00:00,3.509999990463257,3.690000057220459,3.509999990463257,3.609999895095825,347100,0.0,0
2019-10-30 00:00:00+00:00,3.619999885559082,3.690000057220459,3.5999999046325684,3.6500000953674316,695700,0.0,0
2019-10-31 00:00:00+00:00,3.5999999046325684,3.690000057220459,3.5999999046325684,3.6500000953674316,931300,0.0,0
2019-11-01 00:00:00+00:00,3.6700000762939453,3.799999952316284,3.6500000953674316,3.7899999618530273,232800,0.0,0
2019-11-04 00:00:00+00:00,3.7799999713897705,3.8399999141693115,3.740000009536743,3.759999990463257,84700,0.0,0
2019-11-05 00:00:00+00:00,3.7200000286102295,3.819999933242798,3.690000057220459,3.700000047683716,137300,0.0,0
2019-11-06 00:00:00+00:00,3.690000057220459,3.700000047683716,3.559999942779541,3.6700000762939453,138300,0.0,0
2019-11-07 00:00:00+00:00,3.700000047683716,3.7100000381469727,3.640000104904175,3.6700000762939453,113000,0.0,0
2019-11-08 00:00:00+00:00,3.6600000858306885,3.7100000381469727,3.6600000858306885,3.690000057220459,140400,0.0,0
2019-11-11 00:00:00+00:00,3.680000066757202,3.700000047683716,3.6700000762939453,3.680000066757202,40400,0.0,0
2019-11-12 00:00:00+00:00,3.6600000858306885,3.700000047683716,3.6600000858306885,3.700000047683716,64700,0.0,0
2019-11-13 00:00:00+00:00,3.690000057220459,3.700000047683716,3.6700000762939453,3.690000057220459,67500,0.0,0
2019-11-14 00:00:00+00:00,3.690000057220459,3.690000057220459,3.6500000953674316,3.680000066757202,138300,0.0,0
2019-11-15 00:00:00+00:00,3.680000066757202,3.680000066757202,3.630000114440918,3.630000114440918,105500,0.0,0
2019-11-18 00:00:00+00:00,4.010000228881836,4.019999980926514,3.809999942779541,3.930000066757202,1101400,0.0,0
2019-11-19 00:00:00+00:00,3.890000104904175,4.0,3.890000104904175,3.9600000381469727,1123800,0.0,0
2019-11-20 00:00:00+00:00,3.9700000286102295,4.010000228881836,3.950000047683716,3.9600000381469727,675500,0.0,0
2019-11-21 00:00:00+00:00,3.9700000286102295,3.9700000286102295,3.9100000858306885,3.9200000762939453,625800,0.0,0
2019-11-22 00:00:00+00:00,3.940000057220459,3.9600000381469727,3.9000000953674316,3.9200000762939453,452300,0.0,0
2019-11-25 00:00:00+00:00,3.9000000953674316,3.930000066757202,3.9000000953674316,3.9000000953674316,398400,0.0,0
2019-11-26 00:00:00+00:00,3.9100000858306885,3.950000047683716,3.9000000953674316,3.9100000858306885,324900,0.0,0
2019-11-27 00:00:00+00:00,3.930000066757202,3.940000057220459,3.890000104904175,3.890000104904175,395900,0.0,0
2019-11-28 00:00:00+00:00,3.890000104904175,3.9200000762939453,3.869999885559082,3.880000114440918,74500,0.0,0
2019-11-29 00:00:00+00:00,3.9000000953674316,3.9200000762939453,3.880000114440918,3.890000104904175,134400,0.0,0
2019-12-02 00:00:00+00:00,3.9000000953674316,3.9100000858306885,3.869999885559082,3.890000104904175,231800,0.0,0
2019-12-03 00:00:00+00:00,3.880000114440918,3.890000104904175,3.8299999237060547,3.880000114440918,306200,0.0,0
2019-12-04 00:00:00+00:00,3.880000114440918,3.880000114440918,3.8299999237060547,3.8299999237060547,270900,0.0,0
2019-12-05 00:00:00+00:00,3.8399999141693115,3.8499999046325684,3.7899999618530273,3.8399999141693115,359900,0.0,0
2019-12-06 00:00:00+00:00,3.8499999046325684,3.859999895095825,3.819999933242798,3.8299999237060547,324100,0.0,0
2019-12-09 00:00:00+00:00,3.8399999141693115,3.8399999141693115,3.809999942779541,3.8299999237060547,347300,0.0,0
2019-12-10 00:00:00+00:00,3.8299999237060547,3.8499999046325684,3.7799999713897705,3.799999952316284,446700,0.0,0
2019-12-11 00:00:00+00:00,3.7899999618530273,3.8299999237060547,3.7799999713897705,3.819999933242798,183500,0.0,0
2019-12-12 00:00:00+00:00,3.809999942779541,3.8499999046325684,3.799999952316284,3.819999933242798,284900,0.0,0
2019-12-13 00:00:00+00:00,3.809999942779541,3.8499999046325684,3.7899999618530273,3.8499999046325684,231900,0.0,0
2019-12-16 00:00:00+00:00,3.8499999046325684,3.890000104904175,3.8399999141693115,3.8499999046325684,330900,0.0,0
2019-12-17 00:00:00+00:00,3.859999895095825,3.890000104904175,3.859999895095825,3.869999885559082,218400,0.0,0
2019-12-18 00:00:00+00:00,3.859999895095825,3.880000114440918,3.8499999046325684,3.8499999046325684,609400,0.0,0
2019-12-19 00:00:00+00:00,3.8499999046325684,3.869999885559082,3.7899999618530273,3.799999952316284,422400,0.0,0
2019-12-20 00:00:00+00:00,3.809999942779541,3.859999895095825,3.809999942779541,3.8299999237060547,1288600,0.0,0
2019-12-23 00:00:00+00:00,3.8299999237060547,3.940000057220459,3.809999942779541,3.8299999237060547,2122900,0.0,0
2019-12-24 00:00:00+00:00,3.8399999141693115,3.859999895095825,3.8399999141693115,3.8399999141693115,94200,0.0,0
2019-12-27 00:00:00+00:00,3.799999952316284,3.799999952316284,3.6600000858306885,3.7200000286102295,622000,0.0,0
2019-12-30 00:00:00+00:00,3.630000114440918,3.799999952316284,3.609999895095825,3.630000114440918,457200,0.0,0
2019-12-31 00:00:00+00:00,3.640000104904175,3.6700000762939453,3.559999942779541,3.5999999046325684,755300,0.0,0
2020-01-02 00:00:00+00:00,3.5999999046325684,3.5999999046325684,3.509999990463257,3.549999952316284,586900,0.0,0
2020-01-03 00:00:00+00:00,3.549999952316284,3.5799999237060547,3.5399999618530273,3.549999952316284,229500,0.0,0
2020-01-06 00:00:00+00:00,3.569999933242798,3.569999933242798,3.5199999809265137,3.5299999713897705,257700,0.0,0
2020-01-07 00:00:00+00:00,3.549999952316284,3.690000057220459,3.5299999713897705,3.619999885559082,290200,0.0,0
2020-01-08 00:00:00+00:00,3.609999895095825,3.630000114440918,3.5399999618530273,3.549999952316284,293300,0.0,0
2020-01-09 00:00:00+00:00,3.5399999618530273,3.549999952316284,3.5199999809265137,3.5199999809265137,244900,0.0,0
2020-01-10 00:00:00+00:00,3.5299999713897705,3.549999952316284,3.490000009536743,3.5299999713897705,361400,0.0,0
2020-01-13 00:00:00+00:00,3.5299999713897705,3.5899999141693115,3.5299999713897705,3.5799999237060547,163300,0.0,0
2020-01-14 00:00:00+00:00,3.5999999046325684,3.75,3.569999933242798,3.75,615700,0.0,0
2020-01-15 00:00:00+00:00,3.75,3.859999895095825,3.7300000190734863,3.7300000190734863,207700,0.0,0
2020-01-16 00:00:00+00:00,3.740000009536743,3.7799999713897705,3.7300000190734863,3.75,333500,0.0,0
2020-01-17 00:00:00+00:00,3.759999990463257,3.799999952316284,3.740000009536743,3.740000009536743,98100,0.0,0
2020-01-20 00:00:00+00:00,3.740000009536743,3.8399999141693115,3.7200000286102295,3.75,109300,0.0,0
2020-01-21 00:00:00+00:00,3.740000009536743,3.8299999237060547,3.7100000381469727,3.740000009536743,221500,0.0,0
2020-01-22 00:00:00+00:00,3.740000009536743,3.740000009536743,3.6700000762939453,3.6700000762939453,140900,0.0,0
2020-01-23 00:00:00+00:00,3.6700000762939453,3.6700000762939453,3.5799999237060547,3.5999999046325684,133300,0.0,0
2020-01-24 00:00:00+00:00,3.609999895095825,3.619999885559082,3.450000047683716,3.490000009536743,660700,0.0,0
2020-01-27 00:00:00+00:00,3.4800000190734863,3.549999952316284,3.380000114440918,3.549999952316284,153000,0.0,0
2020-01-28 00:00:00+00:00,3.5399999618530273,3.549999952316284,3.5199999809265137,3.5299999713897705,209100,0.0,0
2020-01-29 00:00:00+00:00,3.5399999618530273,3.569999933242798,3.4800000190734863,3.4800000190734863,239200,0.0,0
2020-01-30 00:00:00+00:00,3.5,3.5,3.4000000953674316,3.4600000381469727,160500,0.0,0
2020-01-31 00:00:00+00:00,3.440000057220459,3.440000057220459,3.299999952316284,3.3299999237060547,227200,0.0,0
2020-02-03 00:00:00+00:00,3.2899999618530273,3.4200000762939453,3.2899999618530273,3.299999952316284,237000,0.0,0
2020-02-04 00:00:00+00:00,3.3299999237060547,3.369999885559082,3.319999933242798,3.3499999046325684,85800,0.0,0
2020-02-05 00:00:00+00:00,3.369999885559082,3.430000066757202,3.369999885559082,3.430000066757202,274500,0.0,0
2020-02-06 00:00:00+00:00,3.4200000762939453,3.4600000381469727,3.4100000858306885,3.450000047683716,197300,0.0,0
2020-02-07 00:00:00+00:00,3.4200000762939453,3.490000009536743,3.309999942779541,3.4000000953674316,127400,0.0,0
2020-02-10 00:00:00+00:00,3.440000057220459,3.440000057220459,3.3299999237060547,3.3399999141693115,96400,0.0,0
2020-02-11 00:00:00+00:00,3.359999895095825,3.390000104904175,3.359999895095825,3.390000104904175,140900,0.0,0
2020-02-12 00:00:00+00:00,3.380000114440918,3.4000000953674316,3.309999942779541,3.3399999141693115,150300,0.0,0
2020-02-13 00:00:00+00:00,3.3299999237060547,3.380000114440918,3.3299999237060547,3.369999885559082,68600,0.0,0
2020-02-14 00:00:00+00:00,3.369999885559082,3.390000104904175,3.299999952316284,3.319999933242798,84900,0.0,0
2020-02-18 00:00:00+00:00,3.3299999237060547,3.369999885559082,3.319999933242798,3.3399999141693115,83000,0.0,0
2020-02-19 00:00:00+00:00,3.319999933242798,3.390000104904175,3.299999952316284,3.3399999141693115,96800,0.0,0
2020-02-20 00:00:00+00:00,3.3299999237060547,3.380000114440918,3.2899999618530273,3.3399999141693115,114200,0.0,0
2020-02-21 00:00:00+00:00,3.3399999141693115,3.369999885559082,3.2699999809265137,3.2699999809265137,186400,0.0,0
2020-02-24 00:00:00+00:00,3.25,3.2899999618530273,3.200000047683716,3.240000009536743,155900,0.0,0
2020-02-25 00:00:00+00:00,3.3499999046325684,3.5,3.299999952316284,3.3399999141693115,518600,0.0,0
2020-02-26 00:00:00+00:00,3.3299999237060547,3.3399999141693115,3.2699999809265137,3.2799999713897705,129900,0.0,0
2020-02-27 00:00:00+00:00,3.2799999713897705,3.2799999713897705,3.049999952316284,3.1700000762939453,163700,0.0,0
2020-02-28 00:00:00+00:00,3.1600000858306885,3.2300000190734863,3.069999933242798,3.2300000190734863,309500,0.0,0
2020-03-02 00:00:00+00:00,3.1600000858306885,3.299999952316284,3.0799999237060547,3.2699999809265137,210300,0.0,0
2020-03-03 00:00:00+00:00,3.2100000381469727,3.359999895095825,3.1700000762939453,3.2899999618530273,340400,0.0,0
2020-03-04 00:00:00+00:00,3.3299999237060547,3.440000057220459,3.259999990463257,3.4200000762939453,254900,0.0,0
2020-03-05 00:00:00+00:00,3.3399999141693115,3.4200000762939453,3.140000104904175,3.1700000762939453,306700,0.0,0
2020-03-06 00:00:00+00:00,3.109999895095825,3.2799999713897705,3.059999942779541,3.0999999046325684,322100,0.0,0
2020-03-09 00:00:00+00:00,2.880000114440918,3.0199999809265137,2.809999942779541,2.8499999046325684,340200,0.0,0
2020-03-10 00:00:00+00:00,2.930000066757202,2.940000057220459,2.430000066757202,2.6600000858306885,969800,0.0,0
2020-03-11 00:00:00+00:00,2.630000114440918,2.7100000381469727,2.3499999046325684,2.380000114440918,402400,0.0,0
2020-03-12 00:00:00+00:00,2.2799999713897705,2.2899999618530273,2.119999885559082,2.259999990463257,408700,0.0,0
2020-03-13 00:00:00+00:00,2.2899999618530273,2.5899999141693115,2.2799999713897705,2.549999952316284,517700,0.0,0
2020-03-16 00:00:00+00:00,2.4000000953674316,2.4000000953674316,2.140000104904175,2.2200000286102295,316000,0.0,0
2020-03-17 00:00:00+00:00,2.200000047683716,2.4200000762939453,2.130000114440918,2.2799999713897705,401300,0.0,0
2020-03-18 00:00:00+00:00,2.0999999046325684,2.369999885559082,1.9700000286102295,2.059999942779541,651900,0.0,0
2020-03-19 00:00:00+00:00,2.069999933242798,2.25,2.0399999618530273,2.2100000381469727,245400,0.0,0
2020-03-20 00:00:00+00:00,2.319999933242798,2.380000114440918,2.0199999809265137,2.0399999618530273,345300,0.0,0
2020-03-23 00:00:00+00:00,2.0,2.009999990463257,1.600000023841858,1.809999942779541,677100,0.0,0
2020-03-24 00:00:00+00:00,1.899999976158142,1.899999976158142,1.7699999809265137,1.850000023841858,414700,0.0,0
2020-03-25 00:00:00+00:00,2.0,2.3399999141693115,1.9299999475479126,2.200000047683716,405700,0.0,0
2020-03-26 00:00:00+00:00,2.240000009536743,2.359999895095825,1.9800000190734863,2.140000104904175,480900,0.0,0
2020-03-27 00:00:00+00:00,2.049999952316284,2.130000114440918,1.9199999570846558,1.9900000095367432,554600,0.0,0
2020-03-30 00:00:00+00:00,2.119999885559082,2.119999885559082,1.8799999952316284,1.940000057220459,329600,0.0,0
2020-03-31 00:00:00+00:00,1.9800000190734863,2.190000057220459,1.9800000190734863,2.109999895095825,338000,0.0,0
2020-04-01 00:00:00+00:00,2.0399999618530273,2.130000114440918,2.0,2.0899999141693115,294100,0.0,0
2020-04-02 00:00:00+00:00,2.0999999046325684,2.140000104904175,2.0199999809265137,2.069999933242798,375600,0.0,0
2020-04-03 00:00:00+00:00,2.0899999141693115,2.0899999141693115,1.8799999952316284,2.0299999713897705,451400,0.0,0
2020-04-06 00:00:00+00:00,2.0899999141693115,2.200000047683716,2.0,2.1500000953674316,271800,0.0,0
2020-04-07 00:00:00+00:00,2.1700000762939453,2.240000009536743,2.069999933242798,2.0799999237060547,240200,0.0,0
2020-04-08 00:00:00+00:00,2.0999999046325684,2.200000047683716,2.069999933242798,2.1500000953674316,281500,0.0,0
2020-04-09 00:00:00+00:00,2.190000057220459,2.25,2.0999999046325684,2.1600000858306885,249200,0.0,0
2020-04-13 00:00:00+00:00,2.200000047683716,2.200000047683716,2.059999942779541,2.140000104904175,78500,0.0,0
2020-04-14 00:00:00+00:00,2.109999895095825,2.2100000381469727,2.109999895095825,2.1600000858306885,267100,0.0,0
2020-04-15 00:00:00+00:00,2.0899999141693115,2.119999885559082,2.0199999809265137,2.0799999237060547,290700,0.0,0
2020-04-16 00:00:00+00:00,2.109999895095825,2.109999895095825,2.009999990463257,2.0299999713897705,129000,0.0,0
2020-04-17 00:00:00+00:00,2.049999952316284,2.109999895095825,2.049999952316284,2.0799999237060547,100000,0.0,0
2020-04-20 00:00:00+00:00,2.0399999618530273,2.119999885559082,2.0399999618530273,2.069999933242798,156000,0.0,0
2020-04-21 00:00:00+00:00,2.069999933242798,2.0799999237060547,1.909999966621399,1.9299999475479126,176400,0.0,0
2020-04-22 00:00:00+00:00,1.9600000381469727,1.9900000095367432,1.850000023841858,1.9600000381469727,149900,0.0,0
2020-04-23 00:00:00+00:00,1.9199999570846558,2.180000066757202,1.9199999570846558,2.1500000953674316,344600,0.0,0
2020-04-24 00:00:00+00:00,2.1600000858306885,2.2100000381469727,2.0,2.049999952316284,184400,0.0,0
2020-04-27 00:00:00+00:00,2.109999895095825,2.1600000858306885,2.049999952316284,2.1500000953674316,163900,0.0,0
2020-04-28 00:00:00+00:00,2.1700000762939453,2.2300000190734863,2.130000114440918,2.2100000381469727,179500,0.0,0
2020-04-29 00:00:00+00:00,2.25,2.509999990463257,2.109999895095825,2.490000009536743,1050800,0.0,0
2020-04-30 00:00:00+00:00,2.5,2.640000104904175,2.4600000381469727,2.5199999809265137,388500,0.0,0
2020-05-01 00:00:00+00:00,2.490000009536743,2.5399999618530273,2.3499999046325684,2.4000000953674316,296300,0.0,0
2020-05-04 00:00:00+00:00,2.369999885559082,2.390000104904175,2.200000047683716,2.299999952316284,247400,0.0,0
2020-05-05 00:00:00+00:00,2.3499999046325684,2.3499999046325684,2.2200000286102295,2.2200000286102295,58800,0.0,0
2020-05-06 00:00:00+00:00,2.2899999618530273,2.299999952316284,2.1600000858306885,2.190000057220459,145300,0.0,0
2020-05-07 00:00:00+00:00,2.259999990463257,2.2899999618530273,2.190000057220459,2.2100000381469727,186300,0.0,0
2020-05-08 00:00:00+00:00,2.180000066757202,2.2799999713897705,2.1600000858306885,2.200000047683716,312900,0.0,0
2020-05-11 00:00:00+00:00,2.200000047683716,2.2799999713897705,2.190000057220459,2.240000009536743,326400,0.0,0
2020-05-12 00:00:00+00:00,2.309999942779541,2.430000066757202,2.309999942779541,2.3399999141693115,506300,0.0,0
2020-05-13 00:00:00+00:00,2.8499999046325684,3.1500000953674316,2.549999952316284,2.6500000953674316,2314600,0.0,0
2020-05-14 00:00:00+00:00,2.7100000381469727,2.7100000381469727,2.5199999809265137,2.6500000953674316,422000,0.0,0
2020-05-15 00:00:00+00:00,2.640000104904175,2.809999942779541,2.640000104904175,2.7699999809265137,593100,0.0,0
2020-05-19 00:00:00+00:00,2.799999952316284,2.869999885559082,2.799999952316284,2.859999895095825,440800,0.0,0
2020-05-20 00:00:00+00:00,2.9000000953674316,2.930000066757202,2.8499999046325684,2.9000000953674316,258800,0.0,0
2020-05-21 00:00:00+00:00,2.869999885559082,2.9600000381469727,2.8299999237060547,2.8499999046325684,228300,0.0,0
2020-05-22 00:00:00+00:00,2.8499999046325684,2.9000000953674316,2.809999942779541,2.8499999046325684,221900,0.0,0
2020-05-25 00:00:00+00:00,2.819999933242798,2.8299999237060547,2.759999990463257,2.809999942779541,77600,0.0,0
2020-05-26 00:00:00+00:00,2.7699999809265137,2.7899999618530273,2.6700000762939453,2.75,211700,0.0,0
2020-05-27 00:00:00+00:00,2.7699999809265137,2.809999942779541,2.6600000858306885,2.799999952316284,140300,0.0,0
2020-05-28 00:00:00+00:00,2.8299999237060547,2.869999885559082,2.759999990463257,2.8499999046325684,213200,0.0,0
2020-05-29 00:00:00+00:00,2.759999990463257,2.799999952316284,2.5799999237060547,2.609999895095825,1699900,0.0,0
2020-06-01 00:00:00+00:00,2.630000114440918,2.7100000381469727,2.549999952316284,2.559999942779541,189400,0.0,0
2020-06-02 00:00:00+00:00,2.559999942779541,2.569999933242798,2.4000000953674316,2.440000057220459,480600,0.0,0
2020-06-03 00:00:00+00:00,2.440000057220459,2.5899999141693115,2.440000057220459,2.5,691800,0.0,0
2020-06-04 00:00:00+00:00,2.5199999809265137,2.680000066757202,2.5199999809265137,2.640000104904175,490700,0.0,0
2020-06-05 00:00:00+00:00,2.700000047683716,2.819999933242798,2.6700000762939453,2.7899999618530273,867600,0.0,0
2020-06-08 00:00:00+00:00,2.8499999046325684,2.990000009536743,2.8299999237060547,2.9100000858306885,639700,0.0,0
2020-06-09 00:00:00+00:00,2.9000000953674316,2.9000000953674316,2.759999990463257,2.880000114440918,182600,0.0,0
2020-06-10 00:00:00+00:00,2.9000000953674316,2.9100000858306885,2.819999933242798,2.890000104904175,251900,0.0,0
2020-06-11 00:00:00+00:00,2.7799999713897705,2.8399999141693115,2.759999990463257,2.819999933242798,203900,0.0,0
2020-06-12 00:00:00+00:00,2.890000104904175,2.9100000858306885,2.7899999618530273,2.890000104904175,195200,0.0,0
2020-06-15 00:00:00+00:00,2.7899999618530273,2.950000047683716,2.7799999713897705,2.9000000953674316,560200,0.0,0
2020-06-16 00:00:00+00:00,2.9700000286102295,2.9700000286102295,2.9000000953674316,2.950000047683716,406100,0.0,0
2020-06-17 00:00:00+00:00,2.9600000381469727,2.9800000190734863,2.9000000953674316,2.940000057220459,358600,0.0,0
2020-06-18 00:00:00+00:00,2.9200000762939453,2.9600000381469727,2.9000000953674316,2.9200000762939453,97900,0.0,0
2020-06-19 00:00:00+00:00,3.0,3.059999942779541,2.930000066757202,2.930000066757202,474300,0.0,0
2020-06-22 00:00:00+00:00,2.9200000762939453,3.0,2.890000104904175,2.950000047683716,351800,0.0,0
2020-06-23 00:00:00+00:00,2.9800000190734863,2.990000009536743,2.9200000762939453,2.9600000381469727,348000,0.0,0
2020-06-24 00:00:00+00:00,2.930000066757202,2.930000066757202,2.7899999618530273,2.8499999046325684,511100,0.0,0
2020-06-25 00:00:00+00:00,2.809999942779541,2.859999895095825,2.7899999618530273,2.819999933242798,260100,0.0,0
2020-06-26 00:00:00+00:00,2.799999952316284,2.869999885559082,2.7799999713897705,2.8299999237060547,860200,0.0,0
2020-06-29 00:00:00+00:00,2.950000047683716,2.990000009536743,2.7899999618530273,2.819999933242798,282600,0.0,0
2020-06-30 00:00:00+00:00,2.809999942779541,2.9800000190734863,2.809999942779541,2.9700000286102295,165100,0.0,0
2020-07-02 00:00:00+00:00,3.0,3.390000104904175,2.9600000381469727,3.1700000762939453,806000,0.0,0
2020-07-03 00:00:00+00:00,3.1600000858306885,3.2699999809265137,3.1600000858306885,3.2100000381469727,87600,0.0,0
2020-07-06 00:00:00+00:00,3.180000066757202,3.200000047683716,3.069999933242798,3.109999895095825,311200,0.0,0
2020-07-07 00:00:00+00:00,3.0999999046325684,3.140000104904175,3.0,3.0,155000,0.0,0
2020-07-08 00:00:00+00:00,3.0,3.059999942779541,2.9700000286102295,3.059999942779541,132900,0.0,0
2020-07-09 00:00:00+00:00,3.049999952316284,3.0899999141693115,3.0,3.0799999237060547,162700,0.0,0
2020-07-10 00:00:00+00:00,3.0799999237060547,3.109999895095825,3.0,3.0399999618530273,226500,0.0,0
2020-07-13 00:00:00+00:00,3.049999952316284,3.049999952316284,2.9700000286102295,2.9700000286102295,138700,0.0,0
2020-07-14 00:00:00+00:00,2.9800000190734863,3.069999933242798,2.9200000762939453,3.049999952316284,200000,0.0,0
2020-07-15 00:00:00+00:00,3.059999942779541,3.0999999046325684,3.0299999713897705,3.059999942779541,249700,0.0,0
2020-07-16 00:00:00+00:00,3.059999942779541,3.2200000286102295,3.059999942779541,3.1500000953674316,359800,0.0,0
2020-07-17 00:00:00+00:00,3.1700000762939453,3.259999990463257,3.1600000858306885,3.2300000190734863,183500,0.0,0
2020-07-20 00:00:00+00:00,3.240000009536743,3.359999895095825,3.1700000762939453,3.2300000190734863,193000,0.0,0
2020-07-21 00:00:00+00:00,3.25,3.2799999713897705,3.109999895095825,3.109999895095825,114400,0.0,0
2020-07-22 00:00:00+00:00,3.0999999046325684,3.180000066757202,3.0999999046325684,3.1600000858306885,56900,0.0,0
2020-07-23 00:00:00+00:00,3.109999895095825,3.1500000953674316,3.0999999046325684,3.119999885559082,87500,0.0,0
2020-07-24 00:00:00+00:00,3.130000114440918,3.130000114440918,3.059999942779541,3.0799999237060547,85500,0.0,0
2020-07-27 00:00:00+00:00,3.109999895095825,3.1700000762939453,3.059999942779541,3.0899999141693115,126600,0.0,0
2020-07-28 00:00:00+00:00,3.0999999046325684,3.200000047683716,3.0899999141693115,3.130000114440918,193700,0.0,0
2020-07-29 00:00:00+00:00,3.109999895095825,3.190000057220459,3.109999895095825,3.1500000953674316,64900,0.0,0
2020-07-30 00:00:00+00:00,3.130000114440918,3.1700000762939453,3.109999895095825,3.119999885559082,110400,0.0,0
2020-07-31 00:00:00+00:00,3.130000114440918,3.1700000762939453,3.0999999046325684,3.109999895095825,88800,0.0,0
2020-08-04 00:00:00+00:00,3.190000057220459,3.190000057220459,3.0799999237060547,3.0799999237060547,85900,0.0,0
2020-08-05 00:00:00+00:00,3.0999999046325684,3.200000047683716,3.0999999046325684,3.1500000953674316,453800,0.0,0
2020-08-06 00:00:00+00:00,3.1600000858306885,3.200000047683716,3.1600000858306885,3.190000057220459,117600,0.0,0
2020-08-07 00:00:00+00:00,3.190000057220459,3.240000009536743,3.190000057220459,3.200000047683716,46900,0.0,0
2020-08-10 00:00:00+00:00,3.240000009536743,3.319999933242798,3.2200000286102295,3.319999933242798,213500,0.0,0
2020-08-11 00:00:00+00:00,3.319999933242798,3.369999885559082,3.25,3.259999990463257,102100,0.0,0
2020-08-12 00:00:00+00:00,3.299999952316284,3.319999933242798,3.240000009536743,3.299999952316284,200200,0.0,0
2020-08-13 00:00:00+00:00,3.3399999141693115,3.3399999141693115,3.25,3.2799999713897705,53200,0.0,0
2020-08-14 00:00:00+00:00,3.309999942779541,3.309999942779541,3.25,3.259999990463257,37400,0.0,0
2020-08-17 00:00:00+00:00,3.309999942779541,3.3499999046325684,3.2899999618530273,3.309999942779541,50000,0.0,0
2020-08-18 00:00:00+00:00,3.3499999046325684,3.3499999046325684,3.299999952316284,3.309999942779541,61000,0.0,0
2020-08-19 00:00:00+00:00,3.319999933242798,3.3399999141693115,3.299999952316284,3.309999942779541,51600,0.0,0
2020-08-20 00:00:00+00:00,3.3299999237060547,3.3299999237060547,3.299999952316284,3.319999933242798,42000,0.0,0
2020-08-21 00:00:00+00:00,3.319999933242798,3.3499999046325684,3.299999952316284,3.3399999141693115,269400,0.0,0
2020-08-24 00:00:00+00:00,3.3399999141693115,3.4800000190734863,3.309999942779541,3.4700000286102295,228600,0.0,0
2020-08-25 00:00:00+00:00,3.490000009536743,3.490000009536743,3.369999885559082,3.4100000858306885,78500,0.0,0
2020-08-26 00:00:00+00:00,3.4600000381469727,3.5999999046325684,3.440000057220459,3.569999933242798,137000,0.0,0
2020-08-27 00:00:00+00:00,3.5999999046325684,3.619999885559082,3.4800000190734863,3.4800000190734863,168300,0.0,0
2020-08-28 00:00:00+00:00,3.5299999713897705,3.549999952316284,3.4700000286102295,3.5399999618530273,114100,0.0,0
2020-08-31 00:00:00+00:00,3.549999952316284,3.549999952316284,3.4700000286102295,3.5299999713897705,144100,0.0,0
2020-09-01 00:00:00+00:00,3.5299999713897705,3.5299999713897705,3.4100000858306885,3.4800000190734863,141200,0.0,0
2020-09-02 00:00:00+00:00,3.5,3.5399999618530273,3.450000047683716,3.5,123800,0.0,0
2020-09-03 00:00:00+00:00,3.4700000286102295,3.4800000190734863,3.380000114440918,3.4200000762939453,123900,0.0,0
2020-09-04 00:00:00+00:00,3.4600000381469727,3.509999990463257,3.4000000953674316,3.490000009536743,156200,0.0,0
2020-09-08 00:00:00+00:00,3.4600000381469727,3.4800000190734863,3.440000057220459,3.4600000381469727,88900,0.0,0
2020-09-09 00:00:00+00:00,3.4600000381469727,3.549999952316284,3.4600000381469727,3.4700000286102295,153100,0.0,0
2020-09-10 00:00:00+00:00,3.5299999713897705,3.569999933242798,3.5299999713897705,3.549999952316284,120100,0.0,0
2020-09-11 00:00:00+00:00,3.5799999237060547,3.5899999141693115,3.509999990463257,3.549999952316284,143600,0.0,0
2020-09-14 00:00:00+00:00,3.5399999618530273,3.859999895095825,3.5399999618530273,3.8299999237060547,769800,0.0,0
2020-09-15 00:00:00+00:00,3.990000009536743,4.0,3.8399999141693115,3.990000009536743,547200,0.0,0
2020-09-16 00:00:00+00:00,4.010000228881836,4.079999923706055,3.9200000762939453,4.019999980926514,228000,0.0,0
2020-09-17 00:00:00+00:00,4.010000228881836,4.110000133514404,4.010000228881836,4.079999923706055,129600,0.0,0
2020-09-18 00:00:00+00:00,4.079999923706055,4.25,4.079999923706055,4.210000038146973,325400,0.0,0
2020-09-21 00:00:00+00:00,4.230000019073486,4.25,3.9800000190734863,4.110000133514404,196000,0.0,0
2020-09-22 00:00:00+00:00,4.099999904632568,4.110000133514404,4.010000228881836,4.059999942779541,78900,0.0,0
2020-09-23 00:00:00+00:00,4.039999961853027,4.130000114440918,3.9800000190734863,3.9800000190734863,172300,0.0,0
2020-09-24 00:00:00+00:00,3.9800000190734863,4.090000152587891,3.809999942779541,3.9800000190734863,294700,0.0,0
2020-09-25 00:00:00+00:00,3.9600000381469727,3.9800000190734863,3.8399999141693115,3.940000057220459,93300,0.0,0
2020-09-28 00:00:00+00:00,4.010000228881836,4.079999923706055,3.9800000190734863,4.059999942779541,92400,0.0,0
2020-09-29 00:00:00+00:00,4.019999980926514,4.019999980926514,3.930000066757202,3.9700000286102295,80500,0.0,0
2020-09-30 00:00:00+00:00,3.940000057220459,3.9600000381469727,3.869999885559082,3.880000114440918,69800,0.0,0
2020-10-01 00:00:00+00:00,3.950000047683716,3.9700000286102295,3.8499999046325684,3.9600000381469727,67900,0.0,0
2020-10-02 00:00:00+00:00,3.859999895095825,4.019999980926514,3.859999895095825,3.950000047683716,67700,0.0,0
2020-10-05 00:00:00+00:00,3.990000009536743,4.059999942779541,3.9600000381469727,4.039999961853027,69300,0.0,0
2020-10-06 00:00:00+00:00,4.039999961853027,4.039999961853027,3.869999885559082,3.9000000953674316,139200,0.0,0
2020-10-07 00:00:00+00:00,3.9000000953674316,3.9800000190734863,3.8499999046325684,3.869999885559082,94200,0.0,0
2020-10-08 00:00:00+00:00,3.9000000953674316,3.9700000286102295,3.869999885559082,3.950000047683716,55700,0.0,0
2020-10-09 00:00:00+00:00,3.9700000286102295,3.990000009536743,3.9200000762939453,3.930000066757202,47400,0.0,0
2020-10-13 00:00:00+00:00,3.9200000762939453,3.930000066757202,3.7799999713897705,3.8399999141693115,107000,0.0,0
2020-10-14 00:00:00+00:00,3.8399999141693115,3.9100000858306885,3.7899999618530273,3.8499999046325684,58100,0.0,0
2020-10-15 00:00:00+00:00,3.809999942779541,3.9100000858306885,3.759999990463257,3.890000104904175,115300,0.0,0
2020-10-16 00:00:00+00:00,3.880000114440918,3.880000114440918,3.7899999618530273,3.8499999046325684,54500,0.0,0
2020-10-19 00:00:00+00:00,3.859999895095825,3.859999895095825,3.740000009536743,3.75,91300,0.0,0
2020-10-20 00:00:00+00:00,3.75,3.7699999809265137,3.640000104904175,3.700000047683716,64500,0.0,0
2020-10-21 00:00:00+00:00,3.700000047683716,3.700000047683716,3.5799999237060547,3.609999895095825,67000,0.0,0
2020-10-22 00:00:00+00:00,3.609999895095825,3.630000114440918,3.5299999713897705,3.609999895095825,41400,0.0,0
2020-10-23 00:00:00+00:00,3.630000114440918,3.7100000381469727,3.5999999046325684,3.690000057220459,37500,0.0,0
2020-10-26 00:00:00+00:00,3.690000057220459,3.690000057220459,3.549999952316284,3.609999895095825,47400,0.0,0
2020-10-27 00:00:00+00:00,3.630000114440918,3.630000114440918,3.549999952316284,3.549999952316284,57300,0.0,0
2020-10-28 00:00:00+00:00,3.549999952316284,3.559999942779541,3.450000047683716,3.490000009536743,110200,0.0,0
2020-10-29 00:00:00+00:00,3.4700000286102295,3.5299999713897705,3.4200000762939453,3.5,48000,0.0,0
2020-10-30 00:00:00+00:00,3.509999990463257,3.509999990463257,3.4200000762939453,3.4600000381469727,45600,0.0,0
2020-11-02 00:00:00+00:00,3.4600000381469727,3.640000104904175,3.4200000762939453,3.5299999713897705,91300,0.0,0
2020-11-03 00:00:00+00:00,3.5299999713897705,3.609999895095825,3.490000009536743,3.549999952316284,64200,0.0,0
2020-11-04 00:00:00+00:00,3.549999952316284,3.559999942779541,3.380000114440918,3.4000000953674316,99400,0.0,0
2020-11-05 00:00:00+00:00,3.3399999141693115,3.5299999713897705,3.3399999141693115,3.4800000190734863,56200,0.0,0
2020-11-06 00:00:00+00:00,3.4600000381469727,3.5,3.4200000762939453,3.4800000190734863,38100,0.0,0
2020-11-09 00:00:00+00:00,3.5399999618530273,3.7899999618530273,3.5299999713897705,3.759999990463257,168700,0.0,0
2020-11-10 00:00:00+00:00,3.7699999809265137,3.7699999809265137,3.619999885559082,3.7200000286102295,110900,0.0,0
2020-11-11 00:00:00+00:00,3.759999990463257,3.9000000953674316,3.690000057220459,3.869999885559082,112700,0.0,0
2020-11-12 00:00:00+00:00,3.7799999713897705,3.869999885559082,3.7300000190734863,3.819999933242798,164900,0.0,0
2020-11-13 00:00:00+00:00,3.819999933242798,4.0,3.7899999618530273,3.9100000858306885,126600,0.0,0
2020-11-16 00:00:00+00:00,3.940000057220459,4.019999980926514,3.9000000953674316,3.930000066757202,93600,0.0,0
2020-11-17 00:00:00+00:00,3.859999895095825,3.990000009536743,3.859999895095825,3.880000114440918,75400,0.0,0
2020-11-18 00:00:00+00:00,3.869999885559082,3.9800000190734863,3.869999885559082,3.880000114440918,52500,0.0,0
2020-11-19 00:00:00+00:00,3.950000047683716,3.9800000190734863,3.8399999141693115,3.9000000953674316,157500,0.0,0
2020-11-20 00:00:00+00:00,3.9000000953674316,3.9700000286102295,3.8499999046325684,3.9200000762939453,73900,0.0,0
2020-11-23 00:00:00+00:00,3.890000104904175,3.9600000381469727,3.8399999141693115,3.890000104904175,89700,0.0,0
2020-11-24 00:00:00+00:00,3.9100000858306885,3.950000047683716,3.9000000953674316,3.9000000953674316,69700,0.0,0
2020-11-25 00:00:00+00:00,3.9000000953674316,3.930000066757202,3.7899999618530273,3.8299999237060547,142800,0.0,0
2020-11-26 00:00:00+00:00,3.880000114440918,3.950000047683716,3.819999933242798,3.950000047683716,37000,0.0,0
2020-11-27 00:00:00+00:00,3.930000066757202,3.9700000286102295,3.859999895095825,3.9600000381469727,39200,0.0,0
2020-11-30 00:00:00+00:00,3.9100000858306885,3.9600000381469727,3.8399999141693115,3.9200000762939453,93600,0.0,0
2020-12-01 00:00:00+00:00,3.950000047683716,3.9600000381469727,3.9200000762939453,3.940000057220459,117300,0.0,0
2020-12-02 00:00:00+00:00,3.950000047683716,3.950000047683716,3.869999885559082,3.9000000953674316,224700,0.0,0
2020-12-03 00:00:00+00:00,3.940000057220459,3.950000047683716,3.8499999046325684,3.940000057220459,108300,0.0,0
2020-12-04 00:00:00+00:00,3.950000047683716,4.059999942779541,3.9200000762939453,4.039999961853027,132800,0.0,0
2020-12-07 00:00:00+00:00,4.050000190734863,4.059999942779541,3.9700000286102295,3.990000009536743,57400,0.0,0
2020-12-08 00:00:00+00:00,3.940000057220459,4.019999980926514,3.940000057220459,3.9700000286102295,92100,0.0,0
2020-12-09 00:00:00+00:00,4.039999961853027,4.050000190734863,4.0,4.039999961853027,81500,0.0,0
2020-12-10 00:00:00+00:00,4.039999961853027,4.090000152587891,4.0,4.070000171661377,83700,0.0,0
2020-12-11 00:00:00+00:00,4.059999942779541,4.110000133514404,4.050000190734863,4.079999923706055,37600,0.0,0
2020-12-14 00:00:00+00:00,4.059999942779541,4.099999904632568,3.990000009536743,4.03000020980835,38300,0.0,0
2020-12-15 00:00:00+00:00,4.0,4.090000152587891,3.9000000953674316,3.9600000381469727,80800,0.0,0
2020-12-16 00:00:00+00:00,3.9600000381469727,3.9700000286102295,3.9100000858306885,3.940000057220459,767000,0.0,0
2020-12-17 00:00:00+00:00,3.9700000286102295,4.019999980926514,3.9600000381469727,4.0,32400,0.0,0
2020-12-18 00:00:00+00:00,3.990000009536743,4.070000171661377,3.9200000762939453,3.9600000381469727,142000,0.0,0
2020-12-21 00:00:00+00:00,3.9000000953674316,4.0,3.9000000953674316,3.9800000190734863,55100,0.0,0
2020-12-22 00:00:00+00:00,3.9800000190734863,4.059999942779541,3.9100000858306885,4.03000020980835,253400,0.0,0
2020-12-23 00:00:00+00:00,4.03000020980835,4.110000133514404,3.9800000190734863,4.110000133514404,87900,0.0,0
2020-12-24 00:00:00+00:00,4.019999980926514,4.099999904632568,4.010000228881836,4.039999961853027,27600,0.0,0
2020-12-29 00:00:00+00:00,3.9700000286102295,4.019999980926514,3.9700000286102295,4.0,27900,0.0,0
2020-12-30 00:00:00+00:00,4.03000020980835,4.21999979019165,4.010000228881836,4.190000057220459,118200,0.0,0
2020-12-31 00:00:00+00:00,4.130000114440918,4.199999809265137,4.03000020980835,4.130000114440918,69700,0.0,0
2021-01-04 00:00:00+00:00,4.25,4.480000019073486,4.199999809265137,4.320000171661377,229800,0.0,0
2021-01-05 00:00:00+00:00,4.5,4.550000190734863,4.409999847412109,4.550000190734863,361800,0.0,0
2021-01-06 00:00:00+00:00,4.590000152587891,4.619999885559082,4.320000171661377,4.360000133514404,218700,0.0,0
2021-01-07 00:00:00+00:00,4.420000076293945,4.420000076293945,4.230000019073486,4.309999942779541,169500,0.0,0
2021-01-08 00:00:00+00:00,4.309999942779541,4.400000095367432,4.210000038146973,4.329999923706055,188500,0.0,0
2021-01-11 00:00:00+00:00,4.170000076293945,4.489999771118164,4.150000095367432,4.440000057220459,97100,0.0,0
2021-01-12 00:00:00+00:00,4.440000057220459,4.5,4.309999942779541,4.429999828338623,79400,0.0,0
2021-01-13 00:00:00+00:00,4.46999979019165,4.590000152587891,4.429999828338623,4.519999980926514,99900,0.0,0
2021-01-14 00:00:00+00:00,4.480000019073486,4.579999923706055,4.449999809265137,4.53000020980835,114400,0.0,0
2021-01-15 00:00:00+00:00,4.489999771118164,4.489999771118164,4.239999771118164,4.289999961853027,161200,0.0,0
2021-01-18 00:00:00+00:00,4.25,4.440000057220459,4.25,4.369999885559082,44000,0.0,0
2021-01-19 00:00:00+00:00,4.440000057220459,4.440000057220459,4.159999847412109,4.199999809265137,95500,0.0,0
2021-01-20 00:00:00+00:00,4.21999979019165,4.329999923706055,4.059999942779541,4.059999942779541,116700,0.0,0
2021-01-21 00:00:00+00:00,4.099999904632568,4.380000114440918,3.9600000381469727,4.03000020980835,121500,0.0,0
2021-01-22 00:00:00+00:00,3.9700000286102295,4.139999866485596,3.9700000286102295,4.139999866485596,61300,0.0,0
2021-01-25 00:00:00+00:00,3.9100000858306885,4.210000038146973,3.9100000858306885,4.179999828338623,164100,0.0,0
2021-01-26 00:00:00+00:00,4.199999809265137,4.269999980926514,4.050000190734863,4.150000095367432,90800,0.0,0
2021-01-27 00:00:00+00:00,4.179999828338623,4.179999828338623,4.03000020980835,4.059999942779541,113400,0.0,0
2021-01-28 00:00:00+00:00,4.050000190734863,4.110000133514404,4.050000190734863,4.079999923706055,46300,0.0,0
2021-01-29 00:00:00+00:00,4.139999866485596,4.239999771118164,4.050000190734863,4.079999923706055,81000,0.0,0
2021-02-01 00:00:00+00:00,4.119999885559082,4.420000076293945,4.119999885559082,4.389999866485596,91600,0.0,0
2021-02-02 00:00:00+00:00,4.389999866485596,4.46999979019165,4.349999904632568,4.449999809265137,58300,0.0,0
2021-02-03 00:00:00+00:00,4.480000019073486,4.5,4.420000076293945,4.480000019073486,126800,0.0,0
2021-02-04 00:00:00+00:00,4.46999979019165,4.630000114440918,4.46999979019165,4.590000152587891,106200,0.0,0
2021-02-05 00:00:00+00:00,4.630000114440918,4.659999847412109,4.489999771118164,4.5,90100,0.0,0
2021-02-08 00:00:00+00:00,4.590000152587891,4.619999885559082,4.460000038146973,4.5,84400,0.0,0
2021-02-09 00:00:00+00:00,4.489999771118164,4.510000228881836,4.420000076293945,4.449999809265137,69700,0.0,0
2021-02-10 00:00:00+00:00,4.480000019073486,4.579999923706055,4.480000019073486,4.519999980926514,23700,0.0,0
2021-02-11 00:00:00+00:00,4.53000020980835,4.559999942779541,4.429999828338623,4.46999979019165,45900,0.0,0
2021-02-12 00:00:00+00:00,4.46999979019165,4.539999961853027,4.380000114440918,4.46999979019165,23600,0.0,0
2021-02-16 00:00:00+00:00,4.449999809265137,4.590000152587891,4.449999809265137,4.510000228881836,51600,0.0,0
2021-02-17 00:00:00+00:00,4.539999961853027,4.539999961853027,4.389999866485596,4.429999828338623,49900,0.0,0
2021-02-18 00:00:00+00:00,4.449999809265137,4.46999979019165,4.389999866485596,4.389999866485596,26300,0.0,0
2021-02-19 00:00:00+00:00,4.429999828338623,4.519999980926514,4.420000076293945,4.489999771118164,57000,0.0,0
2021-02-22 00:00:00+00:00,4.449999809265137,4.550000190734863,4.400000095367432,4.449999809265137,38900,0.0,0
2021-02-23 00:00:00+00:00,4.400000095367432,4.489999771118164,4.320000171661377,4.440000057220459,49900,0.0,0
2021-02-24 00:00:00+00:00,4.440000057220459,4.53000020980835,4.400000095367432,4.480000019073486,98900,0.0,0
2021-02-25 00:00:00+00:00,4.5,4.510000228881836,4.199999809265137,4.25,152300,0.0,0
2021-02-26 00:00:00+00:00,4.21999979019165,4.309999942779541,4.130000114440918,4.269999980926514,56000,0.0,0
2021-03-01 00:00:00+00:00,4.329999923706055,4.329999923706055,4.190000057220459,4.210000038146973,72000,0.0,0
2021-03-02 00:00:00+00:00,4.199999809265137,4.25,4.110000133514404,4.179999828338623,53500,0.0,0
2021-03-03 00:00:00+00:00,4.110000133514404,4.28000020980835,4.090000152587891,4.25,53500,0.0,0
2021-03-04 00:00:00+00:00,4.239999771118164,4.389999866485596,4.119999885559082,4.199999809265137,115200,0.0,0
2021-03-05 00:00:00+00:00,4.230000019073486,4.329999923706055,4.179999828338623,4.300000190734863,217100,0.0,0
2021-03-08 00:00:00+00:00,4.21999979019165,4.460000038146973,4.21999979019165,4.360000133514404,81200,0.0,0
2021-03-09 00:00:00+00:00,4.380000114440918,4.429999828338623,4.25,4.25,152500,0.0,0
2021-03-10 00:00:00+00:00,4.289999961853027,4.360000133514404,4.21999979019165,4.349999904632568,28900,0.0,0
2021-03-11 00:00:00+00:00,4.389999866485596,4.519999980926514,4.360000133514404,4.449999809265137,121700,0.0,0
2021-03-12 00:00:00+00:00,4.449999809265137,4.489999771118164,4.369999885559082,4.480000019073486,46400,0.0,0
2021-03-15 00:00:00+00:00,4.539999961853027,4.590000152587891,4.489999771118164,4.53000020980835,76600,0.0,0
2021-03-16 00:00:00+00:00,4.5,4.559999942779541,4.449999809265137,4.5,89100,0.0,0
2021-03-17 00:00:00+00:00,4.550000190734863,4.550000190734863,4.400000095367432,4.5,71200,0.0,0
2021-03-18 00:00:00+00:00,4.5,4.78000020980835,4.409999847412109,4.710000038146973,226200,0.0,0
