date,open,high,low,close,volume,dividends,split_ratio
2017-06-15 00:00:00+00:00,16.941928538841037,16.975711822509766,16.941928538841037,16.975711822509766,3900,0.0,0
2017-06-16 00:00:00+00:00,16.975711822509766,16.975711822509766,16.975711822509766,16.975711822509766,0,0.0,0
2017-06-19 00:00:00+00:00,17.169957875531093,17.220631181318165,17.169957875531093,17.195295333862305,11900,0.0,0
2017-06-20 00:00:00+00:00,17.060163497924805,17.060163497924805,17.060163497924805,17.060163497924805,3100,0.0,0
2017-06-21 00:00:00+00:00,17.02638314367348,17.02638314367348,16.984155654907227,16.984155654907227,4300,0.0,0
2017-06-22 00:00:00+00:00,16.96725944100084,17.085497666371925,16.96725944100084,17.03482437133789,16900,0.0,0
2017-06-23 00:00:00+00:00,17.127737045288086,17.136182868014,17.127737045288086,17.127737045288086,1200,0.0,0
2017-06-26 00:00:00+00:00,17.144617612109403,17.144617612109403,17.093944314613168,17.119281768798828,1200,0.0,0
2017-06-27 00:00:00+00:00,17.119281768798828,17.119281768798828,17.119281768798828,17.119281768798828,1700,0.0,0
2017-06-28 00:00:00+00:00,17.153066715065044,17.153066715065044,17.144620895385742,17.144620895385742,2000,0.0,0
2017-06-29 00:00:00+00:00,17.119278942869933,17.127724759537646,17.04326820373535,17.04326820373535,5400,0.0,0
2017-06-30 00:00:00+00:00,17.017934484102494,17.05171775817871,17.001042847064387,17.05171775817871,10500,0.0,0
2017-07-04 00:00:00+00:00,17.060163497924805,17.060163497924805,17.060163497924805,17.060163497924805,300,0.0,0
2017-07-05 00:00:00+00:00,16.975702452527955,17.102386474609375,16.975702452527955,17.102386474609375,800,0.0,0
2017-07-06 00:00:00+00:00,17.1446139450116,17.153059761266995,17.102386474609375,17.102386474609375,23400,0.0,0
2017-07-07 00:00:00+00:00,17.0939414928668,17.0939414928668,16.97570328126848,17.04326820373535,3300,0.0,0
2017-07-10 00:00:00+00:00,17.144622641147958,17.161514282226562,17.144622641147958,17.161514282226562,10100,0.0,0
2017-07-11 00:00:00+00:00,17.127735549149754,17.127735549149754,17.085506439208984,17.085506439208984,1000,0.0,0
2017-07-12 00:00:00+00:00,17.220632553100586,17.220632553100586,17.220632553100586,17.220632553100586,1300,0.0,0
2017-07-13 00:00:00+00:00,17.2037410736084,17.2037410736084,17.2037410736084,17.2037410736084,2700,0.0,0
2017-07-14 00:00:00+00:00,17.279752731323242,17.279752731323242,17.279752731323242,17.279752731323242,7300,0.0,0
2017-07-17 00:00:00+00:00,17.27130852156992,17.279752731323242,17.262862700941028,17.279752731323242,9000,0.0,0
2017-07-18 00:00:00+00:00,17.254413604736328,17.254413604736328,17.254413604736328,17.254413604736328,900,0.0,0
2017-07-19 00:00:00+00:00,17.338872990192193,17.338872990192193,17.313535529015027,17.330427169799805,35500,0.0,0
2017-07-20 00:00:00+00:00,17.42332641241945,17.431772232055664,17.414882203658617,17.431772232055664,11700,0.0,0
2017-07-21 00:00:00+00:00,17.305089869836547,17.313535690307617,17.29664404936548,17.313535690307617,3800,0.0,0
2017-07-24 00:00:00+00:00,17.294046166529974,17.310993194580078,17.285572652504925,17.310993194580078,1300,0.067,0
2017-07-25 00:00:00+00:00,17.34488158041717,17.34488158041717,17.32793617248535,17.32793617248535,3200,0.0,0
2017-07-26 00:00:00+00:00,17.327937394402728,17.327937394402728,17.260150909423828,17.260150909423828,27500,0.0,0
2017-07-27 00:00:00+00:00,17.294042504444786,17.294042504444786,17.251676559448242,17.251676559448242,500,0.0,0
2017-07-28 00:00:00+00:00,17.175418853759766,17.175418853759766,17.175418853759766,17.175418853759766,600,0.0,0
2017-07-31 00:00:00+00:00,17.285572052001953,17.285572052001953,17.285572052001953,17.285572052001953,200,0.0,0
2017-08-01 00:00:00+00:00,17.327937782210373,17.327937782210373,17.18389129638672,17.18389129638672,600,0.0,0
2017-08-02 00:00:00+00:00,17.404199600219727,17.404199600219727,17.404199600219727,17.404199600219727,200,0.0,0
2017-08-03 00:00:00+00:00,17.404199600219727,17.404199600219727,17.404199600219727,17.404199600219727,100,0.0,0
2017-08-04 00:00:00+00:00,17.378779528960877,17.387253042907105,17.37030601501465,17.37030601501465,1400,0.0,0
2017-08-08 00:00:00+00:00,17.353355092461666,17.37877562859515,17.32793617248535,17.32793617248535,11800,0.0,0
2017-08-09 00:00:00+00:00,17.294046637887003,17.294046637887003,17.277099609375,17.277099609375,3600,0.0,0
2017-08-10 00:00:00+00:00,17.14152244039971,17.14152244039971,17.07373595901228,17.090682983398438,4600,0.0,0
2017-08-11 00:00:00+00:00,17.048317419891717,17.048317419891717,17.00594985797873,17.014423370361328,1600,0.0,0
2017-08-14 00:00:00+00:00,17.13305425916298,17.251681850619907,17.13305425916298,17.166948318481445,10000,0.0,0
2017-08-15 00:00:00+00:00,17.1330509185791,17.1330509185791,17.1330509185791,17.1330509185791,700,0.0,0
2017-08-16 00:00:00+00:00,17.141533140311342,17.141533140311342,17.12458610534668,17.12458610534668,500,0.0,0
2017-08-17 00:00:00+00:00,17.10763513653311,17.10763513653311,17.06526756286621,17.06526756286621,700,0.0,0
2017-08-18 00:00:00+00:00,17.014424127386018,17.014424127386018,16.9042716938257,16.980531692504883,1300,0.0,0
2017-08-21 00:00:00+00:00,16.94664299480646,16.94664299480646,16.938169479370117,16.938169479370117,1000,0.0,0
2017-08-22 00:00:00+00:00,16.980531692504883,16.980531692504883,16.980531692504883,16.980531692504883,1100,0.0,0
2017-08-23 00:00:00+00:00,16.955116271972656,16.955116271972656,16.955116271972656,16.955116271972656,400,0.0,0
2017-08-24 00:00:00+00:00,17.13109895592395,17.13109895592395,17.105594635009766,17.105594635009766,5600,0.067,0
2017-08-25 00:00:00+00:00,17.10559458356458,17.10559458356458,17.088590621948242,17.088590621948242,1500,0.0,0
2017-08-28 00:00:00+00:00,17.080095353082882,17.080095353082882,16.986575149029527,16.99507713317871,1700,0.0,0
2017-08-29 00:00:00+00:00,16.92705535888672,16.92705535888672,16.92705535888672,16.92705535888672,1500,0.0,0
2017-08-30 00:00:00+00:00,17.071592285089913,17.071592285089913,17.054588317871094,17.054588317871094,16600,0.0,0
2017-08-31 00:00:00+00:00,16.986569530570467,17.02907943725586,16.986569530570467,17.02907943725586,400,0.0,0
2017-09-01 00:00:00+00:00,17.02907943725586,17.02907943725586,17.02907943725586,17.02907943725586,0,0.0,0
2017-09-05 00:00:00+00:00,16.927061134100917,16.927061134100917,16.842042922973633,16.842042922973633,2300,0.0,0
2017-09-06 00:00:00+00:00,16.893055847602266,16.893055847602266,16.867549896240234,16.867549896240234,10500,0.0,0
2017-09-07 00:00:00+00:00,16.825033079672906,16.825033079672906,16.791025161743164,16.791025161743164,5600,0.0,0
2017-09-08 00:00:00+00:00,16.75702397676601,16.816537857055664,16.75702397676601,16.816537857055664,18800,0.0,0
2017-09-11 00:00:00+00:00,16.918553378515966,16.944059319628224,16.910051398145217,16.92705535888672,14100,0.0,0
2017-09-12 00:00:00+00:00,17.020580291748047,17.020580291748047,17.020580291748047,17.020580291748047,100,0.0,0
2017-09-13 00:00:00+00:00,17.003573493244623,17.02907943725586,17.003573493244623,17.02907943725586,300,0.0,0
2017-09-14 00:00:00+00:00,17.00357916206868,17.012081146240234,17.00357916206868,17.012081146240234,2900,0.0,0
2017-09-15 00:00:00+00:00,17.029082274501654,17.029082274501654,17.020580291748047,17.020580291748047,500,0.0,0
2017-09-18 00:00:00+00:00,17.080091288298725,17.114097595214844,17.071589306172875,17.114097595214844,6900,0.0,0
2017-09-19 00:00:00+00:00,17.199108292460657,17.250120162963867,17.199108292460657,17.250120162963867,800,0.0,0
2017-09-20 00:00:00+00:00,17.25862889319212,17.275632858276367,17.25862889319212,17.275632858276367,1200,0.0,0
2017-09-21 00:00:00+00:00,17.343649002740236,17.386158920121822,17.343649002740236,17.377656936645508,4800,0.0,0
2017-09-22 00:00:00+00:00,17.360654830932617,17.360654830932617,17.360654830932617,17.360654830932617,21500,0.0,0
2017-09-25 00:00:00+00:00,17.39220918244968,17.460447311401367,17.39220918244968,17.460447311401367,17900,0.067,0
2017-09-26 00:00:00+00:00,17.409271240234375,17.409271240234375,17.409271240234375,17.409271240234375,1700,0.0,0
2017-09-27 00:00:00+00:00,17.468976459429502,17.528684616088867,17.468976459429502,17.528684616088867,35200,0.0,0
2017-09-28 00:00:00+00:00,17.579866807623446,17.613985061645508,17.579866807623446,17.613985061645508,10300,0.0,0
2017-09-29 00:00:00+00:00,17.673686570029705,17.673686570029705,17.639568328857422,17.639568328857422,1400,0.0,0
2017-10-02 00:00:00+00:00,17.673694977962718,17.716344833374023,17.673694977962718,17.716344833374023,2200,0.0,0
2017-10-03 00:00:00+00:00,17.741927490006578,17.76751739513343,17.741927490006578,17.758987426757812,3500,0.0,0
2017-10-04 00:00:00+00:00,17.750460964420135,17.767520904541016,17.724872681164246,17.767520904541016,6900,0.0,0
2017-10-05 00:00:00+00:00,17.76752151908009,17.78458145979104,17.75046157836914,17.75046157836914,3300,0.0,0
2017-10-06 00:00:00+00:00,17.741933119695176,17.741933119695176,17.716344833374023,17.716344833374023,6000,0.0,0
2017-10-10 00:00:00+00:00,17.776048452330578,17.827226638793945,17.776048452330578,17.827226638793945,900,0.0,0
2017-10-11 00:00:00+00:00,17.886938402625752,17.886938402625752,17.878408432006836,17.878408432006836,7800,0.0,0
2017-10-12 00:00:00+00:00,17.869886665675,17.869886665675,17.80164850253284,17.810176849365234,27400,0.0,0
2017-10-13 00:00:00+00:00,17.810176849365234,17.810176849365234,17.810176849365234,17.810176849365234,0,0.0,0
2017-10-16 00:00:00+00:00,17.90399840592565,17.929588317871094,17.90399840592565,17.929588317871094,1600,0.0,0
2017-10-17 00:00:00+00:00,17.921055828345658,17.946645736694336,17.921055828345658,17.946645736694336,4500,0.0,0
2017-10-18 00:00:00+00:00,17.980760391300517,17.980760391300517,17.886932373046875,17.886932373046875,19900,0.0,0
2017-10-19 00:00:00+00:00,17.903995513916016,17.903995513916016,17.88693557537472,17.903995513916016,12800,0.0,0
2017-10-20 00:00:00+00:00,17.972235032797357,17.972235032797357,17.96370506286621,17.96370506286621,700,0.0,0
2017-10-23 00:00:00+00:00,17.980762787483762,18.006352694124505,17.972232818603516,17.972232818603516,21800,0.0,0
2017-10-24 00:00:00+00:00,18.03194366077163,18.04900360107422,18.03194366077163,18.04900360107422,600,0.0,0
2017-10-25 00:00:00+00:00,18.006217998918146,18.023332934410842,17.954868295462802,17.97198486328125,9600,0.07,0
2017-10-26 00:00:00+00:00,18.040441513061523,18.040441513061523,18.040441513061523,18.040441513061523,1100,0.0,0
2017-10-27 00:00:00+00:00,18.04900360107422,18.04900360107422,18.04900360107422,18.04900360107422,200,0.0,0
2017-10-30 00:00:00+00:00,18.134578704833984,18.134578704833984,18.134578704833984,18.134578704833984,20000,0.0,0
2017-10-31 00:00:00+00:00,18.12602772160693,18.22016719676732,18.12602772160693,18.18593406677246,3200,0.0,0
2017-11-01 00:00:00+00:00,18.228718098431926,18.228718098431926,18.185928331757776,18.203044891357422,2100,0.0,0
2017-11-02 00:00:00+00:00,18.168819427490234,18.168819427490234,18.168819427490234,18.168819427490234,100,0.0,0
2017-11-03 00:00:00+00:00,18.203044891357422,18.203044891357422,18.203044891357422,18.203044891357422,5500,0.0,0
2017-11-06 00:00:00+00:00,18.280071258544922,18.280071258544922,18.280071258544922,18.280071258544922,3200,0.0,0
2017-11-07 00:00:00+00:00,18.30574035025735,18.314298629760742,18.297182070753955,18.314298629760742,3100,0.0,0
2017-11-08 00:00:00+00:00,18.271509176866466,18.28006745651614,18.24583433791745,18.262950897216797,13200,0.0,0
2017-11-09 00:00:00+00:00,18.220163055836935,18.25439454572646,18.220163055836935,18.23727798461914,5800,0.0,0
2017-11-10 00:00:00+00:00,18.254393260210605,18.254393260210605,18.143138885498047,18.143138885498047,5400,0.0,0
2017-11-13 00:00:00+00:00,18.126022005483982,18.203044891357422,18.126022005483982,18.203044891357422,1800,0.0,0
2017-11-14 00:00:00+00:00,18.203044891357422,18.203044891357422,18.203044891357422,18.203044891357422,0,0.0,0
2017-11-15 00:00:00+00:00,18.126022338867188,18.126022338867188,18.126022338867188,18.126022338867188,700,0.0,0
2017-11-16 00:00:00+00:00,18.262950897216797,18.262950897216797,18.262950897216797,18.262950897216797,100,0.0,0
2017-11-17 00:00:00+00:00,18.271512977115233,18.297186189079024,18.271512977115233,18.280071258544922,1800,0.0,0
2017-11-20 00:00:00+00:00,18.331416760265174,18.39132308959961,18.331416760265174,18.39132308959961,1200,0.0,0
2017-11-21 00:00:00+00:00,18.42555238359637,18.42555238359637,18.399877548217773,18.399877548217773,3400,0.0,0
2017-11-22 00:00:00+00:00,18.417052726751525,18.42563732387537,18.322605781820883,18.331192016601562,5200,0.07,0
2017-11-23 00:00:00+00:00,18.305432015339367,18.31401824951172,18.305432015339367,18.31401824951172,4100,0.0,0
2017-11-24 00:00:00+00:00,18.314021256174975,18.382709503173828,18.314021256174975,18.382709503173828,1600,0.0,0
2017-11-27 00:00:00+00:00,18.34836448616292,18.34836448616292,18.331192016601562,18.331192016601562,1100,0.0,0
2017-11-28 00:00:00+00:00,18.314022676963962,18.314022676963962,18.288263968219677,18.296850204467773,1000,0.0,0
2017-11-29 00:00:00+00:00,18.356957530675714,18.356957530675714,18.219580986281436,18.236753463745117,17100,0.0,0
2017-11-30 00:00:00+00:00,18.296853194577068,18.408472646386258,18.296853194577068,18.365541458129883,7300,0.0,0
2017-12-01 00:00:00+00:00,18.391297613064438,18.391297613064438,18.32260935906537,18.356952667236328,30600,0.0,0
2017-12-04 00:00:00+00:00,18.41705632243552,18.41705632243552,18.348368068436454,18.356952667236328,6400,0.0,0
2017-12-05 00:00:00+00:00,18.29684914253219,18.29684914253219,18.25391960144043,18.25391960144043,4300,0.0,0
2017-12-06 00:00:00+00:00,18.228162020771244,18.365538525943766,18.228162020771244,18.34836769104004,2500,0.0,0
2017-12-07 00:00:00+00:00,18.417055130004883,18.417055130004883,18.417055130004883,18.417055130004883,10000,0.0,0
2017-12-08 00:00:00+00:00,18.42564146617555,18.502915958917043,18.42564146617555,18.49433135986328,3000,0.0,0
2017-12-11 00:00:00+00:00,18.53725937271445,18.53725937271445,18.502914428710938,18.502914428710938,4000,0.0,0
2017-12-12 00:00:00+00:00,18.554431267472033,18.554431267472033,18.53725879600453,18.54584503173828,3300,0.0,0
2017-12-13 00:00:00+00:00,18.588775835787796,18.605948308422107,18.537260055541992,18.537260055541992,4200,0.0,0
2017-12-14 00:00:00+00:00,18.528667449951172,18.528667449951172,18.528667449951172,18.528667449951172,2100,0.0,0
2017-12-15 00:00:00+00:00,18.45139503479004,18.459981269108436,18.442808800471646,18.45139503479004,22200,0.0,0
2017-12-18 00:00:00+00:00,18.494330477310523,18.51150131225586,18.494330477310523,18.51150131225586,1700,0.0,0
2017-12-19 00:00:00+00:00,18.52866950599885,18.52866950599885,18.45139503479004,18.45139503479004,5000,0.0,0
2017-12-20 00:00:00+00:00,18.442815373013126,18.442815373013126,18.391299586400613,18.408472061157227,1800,0.0,0
2017-12-21 00:00:00+00:00,18.45140201820773,18.45140201820773,18.44281578063965,18.44281578063965,22100,0.0,0
2017-12-22 00:00:00+00:00,18.442812200051147,18.442812200051147,18.417055130004883,18.417055130004883,1800,0.0,0
2017-12-27 00:00:00+00:00,18.408472061157227,18.408472061157227,18.391299586400613,18.408472061157227,4500,0.0,0
2017-12-28 00:00:00+00:00,18.43431246427252,18.43431246427252,18.356784849122434,18.417083740234375,3600,0.07,0
2017-12-29 00:00:00+00:00,18.477380807751786,18.477380807751786,18.434309005737305,18.434309005737305,2500,0.0,0
2018-01-02 00:00:00+00:00,18.49460788553633,18.503222245939227,18.425694645334406,18.434309005737305,17300,0.0,0
2018-01-03 00:00:00+00:00,18.485989396772208,18.597974413979696,18.485989396772208,18.580745697021484,21200,0.0,0
2018-01-04 00:00:00+00:00,18.59798017602643,18.641050338745117,18.59798017602643,18.641050338745117,13300,0.0,0
2018-01-05 00:00:00+00:00,18.641048335968705,18.641048335968705,18.580749457432436,18.623821258544922,7600,0.0,0
2018-01-08 00:00:00+00:00,18.649663071343884,18.649663071343884,18.520450951449646,18.53767967224121,2900,0.0,0
2018-01-09 00:00:00+00:00,18.5635199749211,18.5635199749211,18.494606738991347,18.529064178466797,3000,0.0,0
2018-01-10 00:00:00+00:00,18.511839207123465,18.511839207123465,18.39985579219544,18.408470153808594,7700,0.0,0
2018-01-11 00:00:00+00:00,18.460156684201543,18.460156684201543,18.4170848714606,18.42569923400879,12700,0.0,0
2018-01-12 00:00:00+00:00,18.45154118831066,18.45154118831066,18.39985665921779,18.417083740234375,4300,0.0,0
2018-01-15 00:00:00+00:00,18.468768298645713,18.47738265991211,18.41708213104735,18.47738265991211,1100,0.0,0
2018-01-16 00:00:00+00:00,18.434311270363818,18.451539993286133,18.434311270363818,18.451539993286133,400,0.0,0
2018-01-17 00:00:00+00:00,18.529064178466797,18.529064178466797,18.529064178466797,18.529064178466797,100,0.0,0
2018-01-18 00:00:00+00:00,18.520444869995117,18.520444869995117,18.520444869995117,18.520444869995117,200,0.0,0
2018-01-19 00:00:00+00:00,18.537675547646842,18.580745697021484,18.537675547646842,18.580745697021484,1900,0.0,0
2018-01-22 00:00:00+00:00,18.59798091711544,18.59798091711544,18.5721378326416,18.5721378326416,900,0.0,0
2018-01-23 00:00:00+00:00,18.57213669983303,18.57213669983303,18.537680898991002,18.563522338867188,9400,0.0,0
2018-01-24 00:00:00+00:00,18.56352034670012,18.56352034670012,18.425693872080313,18.442922592163086,7300,0.0,0
2018-01-25 00:00:00+00:00,18.440333147033847,18.440333147033847,18.371171156871934,18.38846206665039,18600,0.077,0
2018-01-26 00:00:00+00:00,18.336584976434924,18.39710314626685,18.336584976434924,18.379812240600586,32100,0.0,0
2018-01-29 00:00:00+00:00,18.336589374723673,18.336589374723673,18.232847213745117,18.232847213745117,3600,0.0,0
2018-01-30 00:00:00+00:00,18.1550350189209,18.163680471565993,18.137744113630713,18.1550350189209,3900,0.0,0
2018-01-31 00:00:00+00:00,18.146392094189903,18.19826316833496,18.111811927743766,18.19826316833496,16800,0.0,0
2018-02-01 00:00:00+00:00,18.068579433167685,18.085870335866183,17.982126568626445,18.016708374023438,30400,0.0,0
2018-02-02 00:00:00+00:00,17.982132238953625,17.982132238953625,17.826519012451172,17.826519012451172,38300,0.0,0
2018-02-05 00:00:00+00:00,17.69683833252786,17.74006560164034,17.446126767482326,17.506643295288086,39600,0.0,0
2018-02-06 00:00:00+00:00,17.117612493902843,17.48935890197754,16.987933936166915,17.48935890197754,12800,0.0,0
2018-02-07 00:00:00+00:00,17.497998163441718,17.54122543334961,17.446127088503985,17.54122543334961,37600,0.0,0
2018-02-08 00:00:00+00:00,17.480701076206028,17.480701076206028,17.16082763671875,17.16082763671875,24500,0.0,0
2018-02-09 00:00:00+00:00,17.16083648225533,17.16083648225533,16.944705044566856,17.057092666625977,13500,0.0,0
2018-02-12 00:00:00+00:00,17.178128511406996,17.307807052672445,17.178128511406996,17.26457977294922,15900,0.0,0
2018-02-13 00:00:00+00:00,17.247289282501065,17.290514910195753,17.160836378159683,17.17812728881836,4000,0.0,0
2018-02-14 00:00:00+00:00,17.16947657927529,17.290509618943418,17.108960059441227,17.281864166259766,3500,0.0,0
2018-02-15 00:00:00+00:00,17.515287733038562,17.515287733038562,17.3510274178434,17.394254684448242,13000,0.0,0
2018-02-16 00:00:00+00:00,17.454773331964084,17.532580772365776,17.454773331964084,17.523935317993164,14200,0.0,0
2018-02-20 00:00:00+00:00,17.558515723758266,17.558515723758266,17.446128113299515,17.49799919128418,13400,0.0,0
2018-02-21 00:00:00+00:00,17.567158365765085,17.800580652753194,17.567158365765085,17.76599884033203,9700,0.0,0
2018-02-22 00:00:00+00:00,17.87620660055388,17.87620660055388,17.702650537817583,17.711328506469727,9500,0.077,0
2018-02-23 00:00:00+00:00,17.832822914468604,17.91092300415039,17.81546862632565,17.91092300415039,1700,0.0,0
2018-02-26 00:00:00+00:00,18.015049805847724,18.015049805847724,17.919593811035156,17.919593811035156,9200,0.0,0
2018-02-27 00:00:00+00:00,17.94563089504626,17.94563089504626,17.858852853037703,17.867530822753906,5100,0.0,0
2018-02-28 00:00:00+00:00,17.919598948802395,17.919598948802395,17.67662239074707,17.67662239074707,28900,0.0,0
2018-03-01 00:00:00+00:00,17.659264411434275,17.659264411434275,17.520420207096453,17.598520278930664,8000,0.0,0
2018-03-02 00:00:00+00:00,17.511741018364454,17.615873336791992,17.511741018364454,17.615873336791992,4000,0.0,0
2018-03-05 00:00:00+00:00,17.581161645065563,17.85885001118197,17.581161645065563,17.85017204284668,12800,0.0,0
2018-03-06 00:00:00+00:00,17.841498862998357,17.850176833662733,17.74604449599757,17.832820892333984,5200,0.0,0
2018-03-07 00:00:00+00:00,17.858852545648897,17.858852545648897,17.737364282020078,17.746042251586914,5100,0.0,0
2018-03-08 00:00:00+00:00,17.806787196565676,17.84149742126465,17.806787196565676,17.84149742126465,2500,0.0,0
2018-03-09 00:00:00+00:00,17.789436093809073,17.93695831298828,17.789436093809073,17.93695831298828,11000,0.0,0
2018-03-12 00:00:00+00:00,17.954305683749975,17.954305683749975,17.89356156165223,17.919593811035156,2100,0.0,0
2018-03-13 00:00:00+00:00,17.945633864824305,17.989022065432046,17.945633864824305,17.962989807128906,8600,0.0,0
2018-03-14 00:00:00+00:00,18.023732079627305,18.023732079627305,17.919598091759976,17.92827606201172,8900,0.0,0
2018-03-15 00:00:00+00:00,17.962987943018693,18.00637613912382,17.893565836158334,17.92827606201172,6100,0.0,0
2018-03-16 00:00:00+00:00,18.00637915202572,18.058445327094518,17.989023208618164,17.989023208618164,1100,0.0,0
2018-03-19 00:00:00+00:00,17.945624989421937,17.945624989421937,17.789424896240234,17.789424896240234,6800,0.0,0
2018-03-20 00:00:00+00:00,17.867533073234178,17.867533073234178,17.789432991104835,17.798110961914062,2400,0.0,0
2018-03-21 00:00:00+00:00,17.79811066483015,17.88488871632023,17.780754723501403,17.832820892333984,7700,0.0,0
2018-03-22 00:00:00+00:00,17.73735710117629,17.73735710117629,17.529090881347656,17.529090881347656,11600,0.0,0
2018-03-23 00:00:00+00:00,17.552615160300373,17.552615160300373,17.334840774536133,17.334840774536133,16000,0.077,0
2018-03-26 00:00:00+00:00,17.456797074246342,17.456797074246342,17.299999237060547,17.299999237060547,11100,0.0,0
2018-03-27 00:00:00+00:00,17.30870903876663,17.404528639395938,17.23902130126953,17.23902130126953,5700,0.0,0
2018-03-28 00:00:00+00:00,17.37839727799537,17.37839727799537,17.299998363361837,17.317419052124023,3500,0.0,0
2018-03-29 00:00:00+00:00,17.343557839689172,17.48293336099507,17.343557839689172,17.47422218322754,6600,0.0,0
2018-04-02 00:00:00+00:00,17.49163913858686,17.49163913858686,17.23902170726797,17.27386474609375,8000,0.0,0
2018-04-03 00:00:00+00:00,17.20418198753653,17.20418198753653,17.15191658342373,17.195470809936523,5100,0.0,0
2018-04-04 00:00:00+00:00,17.108351103582763,17.151906967163086,16.986398008530468,17.151906967163086,4000,0.0,0
2018-04-05 00:00:00+00:00,17.239021511223388,17.39581767638644,17.230310336244315,17.37839698791504,30600,0.0,0
2018-04-06 00:00:00+00:00,17.308714457249366,17.308714457249366,17.169337277136503,17.195470809936523,5100,0.0,0
2018-04-09 00:00:00+00:00,17.265153037551045,17.35226312415408,17.265153037551045,17.334840774536133,6800,0.0,0
2018-04-10 00:00:00+00:00,17.46550658832391,17.46550658832391,17.291288061496132,17.299999237060547,5800,0.0,0
2018-04-11 00:00:00+00:00,17.247732072499804,17.273865599024603,17.195466680937045,17.204177856445312,20900,0.0,0
2018-04-12 00:00:00+00:00,17.26515316440174,17.26515316440174,17.230310126396553,17.23902130126953,6200,0.0,0
2018-04-13 00:00:00+00:00,17.169334411621094,17.230312644644034,17.169334411621094,17.169334411621094,1700,0.0,0
2018-04-16 00:00:00+00:00,17.247731848286616,17.265154199076665,17.20417763279831,17.25644302368164,3400,0.0,0
2018-04-17 00:00:00+00:00,17.308710188525552,17.36097557974851,17.308710188525552,17.352264404296875,4000,0.0,0
2018-04-18 00:00:00+00:00,17.387110496038414,17.517776489257812,17.387110496038414,17.517776489257812,1900,0.0,0
2018-04-19 00:00:00+00:00,17.52648468129275,17.52648468129275,17.378398020820327,17.39581871032715,4400,0.0,0
2018-04-20 00:00:00+00:00,17.421955108642578,17.421955108642578,17.421955108642578,17.421955108642578,14300,0.0,0
2018-04-23 00:00:00+00:00,17.465506878318216,17.51777393257255,17.465506878318216,17.482929229736328,8300,0.0,0
2018-04-24 00:00:00+00:00,17.54415110764843,17.54415110764843,17.404217828738602,17.4129638671875,6900,0.08,0
2018-04-25 00:00:00+00:00,17.41296069567616,17.482927322387695,17.41296069567616,17.482927322387695,1500,0.0,0
2018-04-26 00:00:00+00:00,17.59663769373855,17.631620199984635,17.59663769373855,17.61412811279297,1900,0.0,0
2018-04-27 00:00:00+00:00,17.649105705230937,17.649105705230937,17.622867584228516,17.622867584228516,5800,0.0,0
2018-04-30 00:00:00+00:00,17.684086942406367,17.684086942406367,17.579137802124023,17.579137802124023,8000,0.0,0
2018-05-01 00:00:00+00:00,17.570385182906914,17.60536766052246,17.5528931100312,17.60536766052246,1500,0.0,0
2018-05-02 00:00:00+00:00,17.640357563221855,17.640357563221855,17.579136956313334,17.58788299560547,9200,0.0,0
2018-05-03 00:00:00+00:00,17.596625644561026,17.596625644561026,17.491674861412662,17.52665901184082,6900,0.0,0
2018-05-04 00:00:00+00:00,17.587882125977266,17.710323333740234,17.544151931678815,17.710323333740234,8200,0.0,0
2018-05-07 00:00:00+00:00,17.727812856485993,17.902728604061494,17.727812856485993,17.75404930114746,96700,0.0,0
2018-05-08 00:00:00+00:00,17.824017219302686,17.824017219302686,17.762796619829125,17.780288696289062,3600,0.0,0
2018-05-09 00:00:00+00:00,17.7802880496217,17.850254684780552,17.7802880496217,17.824016571044922,6300,0.0,0
2018-05-10 00:00:00+00:00,17.832765165499488,17.902731810688906,17.832765165499488,17.876495361328125,4200,0.0,0
2018-05-11 00:00:00+00:00,17.94645881652832,17.94645881652832,17.911474666083855,17.94645881652832,2100,0.0,0
2018-05-14 00:00:00+00:00,17.972696093690416,18.068900843732628,17.972696093690416,18.051408767700195,142400,0.0,0
2018-05-15 00:00:00+00:00,18.095144906732305,18.121381361270256,18.051414702274492,18.068906784057617,6200,0.0,0
2018-05-16 00:00:00+00:00,18.016422271728516,18.042658711798442,18.016422271728516,18.016422271728516,3200,0.0,0
2018-05-17 00:00:00+00:00,18.051407724303193,18.051407724303193,18.025171279907227,18.025171279907227,2600,0.0,0
2018-05-18 00:00:00+00:00,18.060157775878906,18.060157775878906,17.99893716783326,18.060157775878906,2300,0.0,0
2018-05-22 00:00:00+00:00,18.138868114241983,18.173852267530638,18.121376037597656,18.121376037597656,24000,0.0,0
2018-05-23 00:00:00+00:00,18.02517888200281,18.04266929626465,17.99894075840486,18.04266929626465,3200,0.0,0
2018-05-24 00:00:00+00:00,18.07765007956017,18.07765007956017,17.95520886194648,17.9814453125,8500,0.0,0
2018-05-25 00:00:00+00:00,17.99900448883847,17.99900448883847,17.96388367624655,17.97266387939453,9600,0.08,0
2018-05-28 00:00:00+00:00,17.972666957004286,17.972666957004286,17.91120719909668,17.91120719909668,8000,0.0,0
2018-05-29 00:00:00+00:00,17.77949884510989,17.858518973949206,17.735599517822266,17.735599517822266,6200,0.0,0
2018-05-30 00:00:00+00:00,17.735599517822266,17.735599517822266,17.735599517822266,17.735599517822266,1200,0.0,0
2018-05-31 00:00:00+00:00,17.81461871646508,17.858518041460485,17.81461871646508,17.840957641601562,5800,0.0,0
2018-06-01 00:00:00+00:00,17.867305203454332,17.867305203454332,17.84974479675293,17.84974479675293,3600,0.0,0
2018-06-04 00:00:00+00:00,17.8936433354329,17.8936433354329,17.884864807128906,17.884864807128906,8200,0.0,0
2018-06-05 00:00:00+00:00,17.946321727632974,17.98144085927709,17.893640518188477,17.893640518188477,9800,0.0,0
2018-06-06 00:00:00+00:00,17.92876557271263,17.937545776367188,17.92876557271263,17.937545776367188,2400,0.0,0
2018-06-07 00:00:00+00:00,18.034126408179596,18.034126408179596,18.00778579711914,18.00778579711914,3600,0.0,0
2018-06-08 00:00:00+00:00,18.02534314109619,18.07802267961162,18.02534314109619,18.069242477416992,4700,0.0,0
2018-06-11 00:00:00+00:00,18.130703649543097,18.13948385243092,18.121923446655273,18.121923446655273,1900,0.0,0
2018-06-12 00:00:00+00:00,18.165821668119346,18.165821668119346,18.086801528930664,18.086801528930664,10000,0.0,0
2018-06-13 00:00:00+00:00,18.10436403938479,18.13070297241211,18.095583836824883,18.13070297241211,4800,0.0,0
2018-06-14 00:00:00+00:00,18.16582365953165,18.17460386203205,18.10436391668125,18.15704345703125,16400,0.0,0
2018-06-15 00:00:00+00:00,18.192164696996535,18.200944900512695,18.192164696996535,18.200944900512695,3700,0.0,0
2018-06-18 00:00:00+00:00,18.253628094335912,18.27118682861328,18.244847889870847,18.27118682861328,14200,0.0,0
2018-06-19 00:00:00+00:00,18.183383336195547,18.271183691116526,18.174604807890685,18.26240348815918,8800,0.0,0
2018-06-20 00:00:00+00:00,18.332643936410314,18.376544952392578,18.332643936410314,18.376544952392578,29700,0.0,0
2018-06-21 00:00:00+00:00,18.36776555275832,18.36776555275832,18.315086005927476,18.3414249420166,4900,0.0,0
2018-06-22 00:00:00+00:00,18.438008033763435,18.4731288528992,18.429227828979492,18.429227828979492,16800,0.0,0
2018-06-25 00:00:00+00:00,18.438038777091425,18.438038777091425,18.200071334838867,18.200071334838867,23700,0.08,0
2018-06-26 00:00:00+00:00,18.217701038232008,18.323464918513665,18.217701038232008,18.261768341064453,2100,0.0,0
2018-06-27 00:00:00+00:00,18.305833220830074,18.305833220830074,18.173629660912628,18.191255569458008,9900,0.0,0
2018-06-28 00:00:00+00:00,18.182443407997066,18.182443407997066,18.05905363179786,18.12074851989746,900,0.0,0
2018-06-29 00:00:00+00:00,18.14719218533681,18.191259487781384,18.120750795234162,18.173633575439453,3900,0.0,0
2018-07-03 00:00:00+00:00,18.200067425587708,18.200067425587708,18.13837254960194,18.1560001373291,900,0.0,0
2018-07-04 00:00:00+00:00,18.191255506197557,18.191255506197557,18.164815802941693,18.18244171142578,3100,0.0,0
2018-07-05 00:00:00+00:00,18.147188059975576,18.156001854672837,18.120746675883794,18.129560470581055,2900,0.0,0
2018-07-06 00:00:00+00:00,18.147192405904274,18.27058219909668,18.147192405904274,18.27058219909668,3200,0.0,0
2018-07-09 00:00:00+00:00,18.32346701365475,18.32346701365475,18.288211822509766,18.288211822509766,4900,0.0,0
2018-07-10 00:00:00+00:00,18.297014338562896,18.341081619262695,18.297014338562896,18.341081619262695,2300,0.0,0
2018-07-11 00:00:00+00:00,18.252952615417076,18.261766411264144,18.226512908935547,18.226512908935547,1800,0.0,0
2018-07-12 00:00:00+00:00,18.279392644544036,18.39397030098151,18.261765054159877,18.367528915405273,4600,0.0,0
2018-07-13 00:00:00+00:00,18.36753451714695,18.36753451714695,18.341093123506603,18.34990692138672,3700,0.0,0
2018-07-16 00:00:00+00:00,18.34990132502112,18.385156505789432,18.34990132502112,18.367528915405273,5400,0.0,0
2018-07-17 00:00:00+00:00,18.358709203966214,18.385150581021495,18.341081619262695,18.341081619262695,10300,0.0,0
2018-07-18 00:00:00+00:00,18.39397571488467,18.39397571488467,18.288211822509766,18.288211822509766,6000,0.0,0
2018-07-19 00:00:00+00:00,18.393972396850586,18.393972396850586,18.393972396850586,18.393972396850586,100,0.0,0
2018-07-20 00:00:00+00:00,18.332269700529558,18.332269700529558,18.305830001831055,18.305830001831055,2700,0.0,0
2018-07-23 00:00:00+00:00,18.332269700529558,18.332269700529558,18.288202415325934,18.305830001831055,19700,0.0,0
2018-07-24 00:00:00+00:00,18.402780631737613,18.402780631737613,18.37634092978314,18.385154724121094,5000,0.0,0
2018-07-25 00:00:00+00:00,18.353301426173065,18.375424161924702,18.317905386541756,18.371000289916992,8100,0.084,0
2018-07-26 00:00:00+00:00,18.37099578081172,18.432940100854875,18.37099578081172,18.415241241455078,1700,0.0,0
2018-07-27 00:00:00+00:00,18.397549829490664,18.42409643904497,18.32675436972809,18.362152099609375,9700,0.0,0
2018-07-30 00:00:00+00:00,18.3710015320797,18.406397574104325,18.362152099609375,18.362152099609375,9600,0.0,0
2018-07-31 00:00:00+00:00,18.379845280144554,18.494884490966797,18.379845280144554,18.494884490966797,3200,0.0,0
2018-08-01 00:00:00+00:00,18.494884490966797,18.494884490966797,18.450639030155813,18.494884490966797,9600,0.0,0
2018-08-02 00:00:00+00:00,18.556827643256838,18.583375930786133,18.556827643256838,18.583375930786133,2000,0.0,0
2018-08-03 00:00:00+00:00,18.547982686588096,18.59222984313965,18.512586649203293,18.59222984313965,4100,0.0,0
2018-08-07 00:00:00+00:00,18.663020209483832,18.663020209483832,18.415241241455078,18.415241241455078,6500,0.0,0
2018-08-08 00:00:00+00:00,18.432940740823426,18.47718620300293,18.424091310816284,18.47718620300293,1000,0.0,0
2018-08-09 00:00:00+00:00,18.450638435706395,18.565677642822266,18.450638435706395,18.565677642822266,1300,0.0,0
2018-08-10 00:00:00+00:00,18.53913166642741,18.53913166642741,18.41524133783655,18.441789627075195,12200,0.0,0
2018-08-13 00:00:00+00:00,18.441787069956938,18.441787069956938,18.36214390114039,18.37984275817871,9700,0.0,0
2018-08-14 00:00:00+00:00,18.503734588623047,18.503734588623047,18.503734588623047,18.503734588623047,1300,0.0,0
2018-08-15 00:00:00+00:00,18.406393240068077,18.459489822387695,18.362147775991325,18.459489822387695,5100,0.0,0
2018-08-16 00:00:00+00:00,18.565676425723176,18.583375283459524,18.52143096923828,18.52143096923828,7900,0.0,0
2018-08-17 00:00:00+00:00,18.521438027622565,18.671875,18.521438027622565,18.671875,6100,0.0,0
2018-08-20 00:00:00+00:00,18.707264540144603,18.716113969309966,18.636470794677734,18.636470794677734,5100,0.0,0
2018-08-21 00:00:00+00:00,18.663019678897594,18.698415708834755,18.565677642822266,18.565677642822266,14200,0.0,0
2018-08-22 00:00:00+00:00,18.601074887183174,18.618773745629326,18.601074887183174,18.60992431640625,3700,0.0,0
2018-08-23 00:00:00+00:00,18.601074887183174,18.618773745629326,18.592225457960097,18.60992431640625,11500,0.0,0
2018-08-24 00:00:00+00:00,18.601075360615507,18.609924790063815,18.565677642822266,18.565677642822266,1800,0.0,0
2018-08-27 00:00:00+00:00,18.631425283978423,18.658080294469908,18.631425283978423,18.640310287475586,2500,0.084,0
2018-08-28 00:00:00+00:00,18.62253861677366,18.62253861677366,18.50703697091158,18.52480697631836,6400,0.0,0
2018-08-29 00:00:00+00:00,18.569237331509576,18.587007343649827,18.560352325439453,18.560352325439453,4600,0.0,0
2018-08-30 00:00:00+00:00,18.560345292490926,18.587000300601094,18.52480697631836,18.52480697631836,2000,0.0,0
2018-08-31 00:00:00+00:00,18.560350511080934,18.560350511080934,18.418193817138675,18.418193817138672,6800,0.0,0
2018-09-04 00:00:00+00:00,18.444847158269656,18.444847158269656,18.31157548162774,18.329343795776367,5900,0.0,0
2018-09-05 00:00:00+00:00,18.320456101114868,18.33822441101074,18.213837768535104,18.338224411010742,4200,0.0,0
2018-09-06 00:00:00+00:00,18.32046048602271,18.347113804566305,18.302690477232773,18.329343795776367,4100,0.0,0
2018-09-07 00:00:00+00:00,18.284927194009676,18.284927194009676,18.17830879669495,18.258272171020508,6900,0.0,0
2018-09-10 00:00:00+00:00,18.3026889862423,18.3026889862423,18.267148971557617,18.267148971557617,4800,0.0,0
2018-09-11 00:00:00+00:00,18.249378370582612,18.311571693841266,18.249378370582612,18.30268669128418,9900,0.0,0
2018-09-12 00:00:00+00:00,18.213841058560817,18.213841058560817,18.178301043067552,18.2049560546875,8300,0.0,0
2018-09-13 00:00:00+00:00,18.24938107405408,18.24938107405408,18.196071050814183,18.2049560546875,3300,0.0,0
2018-09-14 00:00:00+00:00,18.231613734421643,18.23605538968771,18.169420392847925,18.222728729248047,4300,0.0,0
2018-09-17 00:00:00+00:00,18.35599634994693,18.35599634994693,18.311573028564453,18.311573028564453,1400,0.0,0
2018-09-18 00:00:00+00:00,18.34711281372854,18.400421142578125,18.34711281372854,18.400421142578125,6200,0.0,0
2018-09-19 00:00:00+00:00,18.41291031560303,18.41291031560303,18.38614845275879,18.38614845275879,5700,0.084,0
2018-09-20 00:00:00+00:00,18.42184019552751,18.42184019552751,18.368314743041992,18.368314743041992,4700,0.0,0
2018-09-21 00:00:00+00:00,18.448595734125238,18.448595734125238,18.403989791870117,18.403989791870117,7400,0.0,0
2018-09-24 00:00:00+00:00,18.377227783203125,18.377227783203125,18.377227783203125,18.377227783203125,400,0.0,0
2018-09-25 00:00:00+00:00,18.439675272132742,18.439675272132742,18.395071029663086,18.395071029663086,1500,0.0,0
2018-09-26 00:00:00+00:00,18.332629973689343,18.439682580203833,18.332629973689343,18.368314743041992,32300,0.0,0
2018-09-27 00:00:00+00:00,18.448600425185788,18.47536229580108,18.421836853027344,18.421836853027344,27000,0.0,0
2018-09-28 00:00:00+00:00,18.41291155038797,18.41291155038797,18.27017593383789,18.27017593383789,13200,0.0,0
2018-10-01 00:00:00+00:00,18.40398355840124,18.40398355840124,18.28801155090332,18.28801155090332,18500,0.0,0
2018-10-02 00:00:00+00:00,18.332630733797654,18.332630733797654,18.243422209804177,18.261262893676758,6000,0.0,0
2018-10-03 00:00:00+00:00,18.40398355840124,18.40398355840124,18.27909036547392,18.28801155090332,4100,0.0,0
2018-10-04 00:00:00+00:00,18.288014505194884,18.288014505194884,18.189883151161244,18.207725524902344,8500,0.0,0
2018-10-05 00:00:00+00:00,18.288022513431926,18.288022513431926,18.2344970703125,18.2344970703125,3900,0.0,0
2018-10-09 00:00:00+00:00,18.243414992888702,18.243414992888702,18.154204802642372,18.16312599182129,4400,0.0,0
2018-10-10 00:00:00+00:00,18.100676301873598,18.100676301873598,17.931177139282227,17.931177139282227,13400,0.0,0
2018-10-11 00:00:00+00:00,17.743838279630232,17.75275946864399,17.59218146948199,17.63678741455078,21700,0.0,0
2018-10-12 00:00:00+00:00,17.734912539048633,17.734912539048633,17.46728374349264,17.583255767822266,24300,0.0,0
2018-10-15 00:00:00+00:00,17.601104249022068,17.601104249022068,17.52081524218574,17.547578811645508,7800,0.0,0
2018-10-16 00:00:00+00:00,17.5832587075474,17.725996017456055,17.529733279795824,17.725996017456055,10500,0.0,0
2018-10-17 00:00:00+00:00,17.70815931561288,17.788448333740234,17.690316933463865,17.788448333740234,600,0.0,0
2018-10-18 00:00:00+00:00,17.77952509966554,17.77952509966554,17.663551330566406,17.663551330566406,9900,0.0,0
2018-10-19 00:00:00+00:00,17.841968513066337,17.913336319056892,17.841968513066337,17.904415130615234,4900,0.0,0
2018-10-22 00:00:00+00:00,17.913341605696914,17.913341605696914,17.76168476051671,17.788448333740234,18700,0.0,0
2018-10-23 00:00:00+00:00,17.62786723407567,17.681392669677734,17.48513160477489,17.681392669677734,19500,0.0,0
2018-10-24 00:00:00+00:00,17.690313307060997,17.690313307060997,17.30671067720936,17.315631866455078,8000,0.0,0
2018-10-25 00:00:00+00:00,17.390856059958235,17.41772205486566,17.319215114926624,17.337125778198242,10700,0.074,0
2018-10-26 00:00:00+00:00,17.274441757271802,17.301306046600892,17.086383191693088,17.247575759887695,8800,0.0,0
2018-10-29 00:00:00+00:00,17.37294822871053,17.37294822871053,17.12220573425293,17.12220573425293,10900,0.0,0
2018-10-30 00:00:00+00:00,17.131158145944916,17.247575759887695,17.104293856615826,17.247575759887695,13600,0.0,0
2018-10-31 00:00:00+00:00,17.38189599056481,17.453536916069357,17.38189599056481,17.408761978149414,14800,0.0,0
2018-11-01 00:00:00+00:00,17.42667231644402,17.516223907470703,17.42667231644402,17.516223907470703,6100,0.0,0
2018-11-02 00:00:00+00:00,17.59681944031852,17.59681944031852,17.453537583827572,17.48935890197754,11000,0.0,0
2018-11-05 00:00:00+00:00,17.543097220402064,17.668468475341797,17.543097220402064,17.668468475341797,5900,0.0,0
2018-11-06 00:00:00+00:00,17.704286303123002,17.75801658630371,17.6953309712504,17.75801658630371,1100,0.0,0
2018-11-07 00:00:00+00:00,17.85652575229922,17.85652575229922,17.758018797489648,17.847570419311523,5000,0.0,0
2018-11-08 00:00:00+00:00,17.820699298048094,17.820699298048094,17.75801369320738,17.784879684448242,6800,0.0,0
2018-11-09 00:00:00+00:00,17.74906283014813,17.784884160818667,17.686377209529745,17.7669734954834,4200,0.0,0
2018-11-12 00:00:00+00:00,17.686379142634685,17.686379142634685,17.659513141695353,17.668468475341797,2700,0.0,0
2018-11-13 00:00:00+00:00,17.695329935186162,17.73114955252442,17.641599655151367,17.641599655151367,4200,0.0,0
2018-11-14 00:00:00+00:00,17.749060606787403,17.749060606787403,17.569959100035284,17.677419662475586,3200,0.0,0
2018-11-15 00:00:00+00:00,17.650550842285156,17.650550842285156,17.650550842285156,17.650550842285156,2900,0.0,0
2018-11-16 00:00:00+00:00,17.722199862878355,17.73115348815918,17.695333862870335,17.73115348815918,3700,0.0,0
2018-11-19 00:00:00+00:00,17.73114955252442,17.73114955252442,17.614733661106566,17.641599655151367,3900,0.0,0
2018-11-20 00:00:00+00:00,17.56996124050554,17.56996124050554,17.45354362428192,17.480409622192383,3100,0.0,0
2018-11-21 00:00:00+00:00,17.695327758789062,17.72219374952954,17.695327758789062,17.695327758789062,5300,0.0,0
2018-11-22 00:00:00+00:00,17.596820831298828,17.596820831298828,17.587865501053443,17.596820831298828,4900,0.0,0
2018-11-23 00:00:00+00:00,17.55204963684082,17.55204963684082,17.55204963684082,17.55204963684082,300,0.0,0
2018-11-26 00:00:00+00:00,17.63264558653364,17.63264558653364,17.534138642703113,17.561004638671875,4200,0.0,0
2018-11-27 00:00:00+00:00,17.546613862412247,17.564592361450195,17.492678365298406,17.564592361450195,4700,0.074,0
2018-11-28 00:00:00+00:00,17.573586535303335,17.717411152892158,17.573586535303335,17.708423614501953,7500,0.0,0
2018-11-29 00:00:00+00:00,17.753370365111508,17.79831492073221,17.699436555461684,17.762359619140625,15100,0.0,0
2018-11-30 00:00:00+00:00,17.77134331409044,17.780332565307617,17.672463265225826,17.780332565307617,5800,0.0,0
2018-12-03 00:00:00+00:00,17.915175352510822,17.915175352510822,17.70842763213618,17.753372192382812,10400,0.0,0
2018-12-04 00:00:00+00:00,17.71740819649495,17.77134370498438,17.564596066014765,17.573583602905273,15400,0.0,0
2018-12-05 00:00:00+00:00,17.6185284235378,17.798308293605213,17.6185284235378,17.64549446105957,3600,0.0,0
2018-12-06 00:00:00+00:00,17.438751007147943,17.438751007147943,17.29492639090742,17.39380645751953,12800,0.0,0
2018-12-07 00:00:00+00:00,17.50167150627149,17.50167150627149,17.26795611038423,17.303913116455078,9900,0.0,0
2018-12-10 00:00:00+00:00,17.267961215311463,17.285939723661873,17.07919202120693,17.214027404785156,14700,0.0,0
2018-12-11 00:00:00+00:00,17.285943475989527,17.348866554349996,17.187065087648197,17.205041885375977,3300,0.0,0
2018-12-12 00:00:00+00:00,17.276947021484375,17.276947021484375,17.276947021484375,17.276947021484375,400,0.0,0
2018-12-13 00:00:00+00:00,17.30391618285953,17.30391618285953,17.178070068359375,17.178070068359375,3200,0.0,0
2018-12-14 00:00:00+00:00,17.169084232123076,17.18706274192241,17.09717190745081,17.133127212524414,10500,0.0,0
2018-12-17 00:00:00+00:00,17.124132370830825,17.124132370830825,16.854461669921875,16.854461669921875,30800,0.0,0
2018-12-18 00:00:00+00:00,16.8724368341263,16.980304407328777,16.8724368341263,16.92637062072754,3500,0.0,0
2018-12-19 00:00:00+00:00,16.944355987291168,17.04323435037355,16.81850814819336,16.81850814819336,11100,0.0,0
2018-12-20 00:00:00+00:00,16.773562476660338,16.773562476660338,16.602770094309047,16.629737854003906,26000,0.0,0
2018-12-21 00:00:00+00:00,16.647720462944676,16.647720462944676,16.36007114674674,16.378047943115234,18400,0.0,0
2018-12-24 00:00:00+00:00,16.207250182240845,16.252194725396723,16.162303924560547,16.162303924560547,12900,0.0,0
2018-12-27 00:00:00+00:00,16.378048257064435,16.414005279541016,16.189279032637977,16.414005279541016,30800,0.0,0
2018-12-28 00:00:00+00:00,16.534944708756704,16.60714963982764,16.52591887718517,16.58909797668457,12300,0.074,0
2018-12-31 00:00:00+00:00,16.63422419423392,16.652275854186133,16.58007093587832,16.625198364257812,6300,0.0,0
2019-01-02 00:00:00+00:00,16.63422766727603,16.724484264380628,16.58007439761383,16.697406768798828,16000,0.0,0
2019-01-03 00:00:00+00:00,16.670322672769334,16.670322672769334,16.5529903480409,16.661296844482422,3600,0.0,0
2019-01-04 00:00:00+00:00,16.787666483464836,16.841819763183594,16.77864064992809,16.841819763183594,6900,0.0,0
2019-01-07 00:00:00+00:00,16.92304662749592,16.92304662749592,16.769610935879907,16.90499496459961,12100,0.0,0
2019-01-08 00:00:00+00:00,17.022327937349104,17.022327937349104,16.904993857707105,17.004276275634766,16800,0.0,0
2019-01-09 00:00:00+00:00,17.040377135618353,17.211864471435547,17.040377135618353,17.211864471435547,24400,0.0,0
2019-01-10 00:00:00+00:00,17.22088964234773,17.38335114147854,17.193812151992233,17.356273651123047,8400,0.0,0
2019-01-11 00:00:00+00:00,17.374325935795362,17.419453366508662,17.311146844196287,17.401403427124023,13000,0.0,0
2019-01-14 00:00:00+00:00,17.419453366508662,17.419453366508662,17.392377596681136,17.401403427124023,3800,0.0,0
2019-01-15 00:00:00+00:00,17.43750297967323,17.545811210767887,17.38334972487637,17.527759552001953,14600,0.0,0
2019-01-16 00:00:00+00:00,17.608996213680843,17.608996213680843,17.554842940681993,17.581918716430664,5600,0.0,0
2019-01-17 00:00:00+00:00,17.60899853728653,17.753408432006836,17.60899853728653,17.753408432006836,10600,0.0,0
2019-01-18 00:00:00+00:00,17.843659141206153,17.8797607421875,17.816581649344265,17.8797607421875,6500,0.0,0
2019-01-21 00:00:00+00:00,17.92488919819105,17.92488919819105,17.80755512618717,17.843658447265625,7700,0.0,0
2019-01-22 00:00:00+00:00,17.8165786775309,17.83463033576113,17.7172962787655,17.789501190185547,7500,0.0,0
2019-01-23 00:00:00+00:00,17.81658328303359,17.81658328303359,17.681199254312475,17.708276748657227,10300,0.0,0
2019-01-24 00:00:00+00:00,17.807557410166318,17.807557410166318,17.681199213187355,17.739866256713867,35300,0.0,0
2019-01-25 00:00:00+00:00,17.8015005291721,17.828692853805112,17.756181716918945,17.756181716918945,7700,0.083,0
2019-01-28 00:00:00+00:00,17.738051391952798,17.81056252021948,17.738051391952798,17.801498413085938,7200,0.0,0
2019-01-29 00:00:00+00:00,17.855883754967238,17.955585479736328,17.855883754967238,17.955585479736328,30400,0.0,0
2019-01-30 00:00:00+00:00,17.973713694713155,17.973713694713155,17.91026667109599,17.955585479736328,7300,0.0,0
2019-01-31 00:00:00+00:00,17.95558586671697,17.9737140820845,17.93745938015121,17.946521759033203,4700,0.0,0
2019-02-01 00:00:00+00:00,18.009970512819557,18.028096999385316,17.946521759033203,17.946521759033203,26700,0.0,0
2019-02-04 00:00:00+00:00,17.937459738671482,18.000906764924196,17.91933152294162,17.982778549194336,10900,0.0,0
2019-02-05 00:00:00+00:00,18.03716253990551,18.1278018951416,18.03716253990551,18.1278018951416,6900,0.0,0
2019-02-06 00:00:00+00:00,18.109667767295893,18.173114776611328,18.109667767295893,18.173114776611328,9500,0.0,0
2019-02-07 00:00:00+00:00,18.18218421936035,18.18218421936035,18.082482487798217,18.18218421936035,28000,0.0,0
2019-02-08 00:00:00+00:00,18.145926494304348,18.145926494304348,18.009968352956328,18.08247947692871,3300,0.0,0
2019-02-11 00:00:00+00:00,18.136865676412953,18.136865676412953,18.009971618652344,18.009971618652344,9000,0.0,0
2019-02-12 00:00:00+00:00,18.07341897352071,18.1459301119492,18.07341897352071,18.1278018951416,4200,0.0,0
2019-02-13 00:00:00+00:00,18.182181377765463,18.182181377765463,18.11873435974121,18.11873435974121,8900,0.0,0
2019-02-14 00:00:00+00:00,18.164057345126423,18.21844026380234,18.15499323721347,18.191247940063477,35400,0.0,0
2019-02-15 00:00:00+00:00,18.20937719431164,18.390655905304854,18.20937719431164,18.381591796875,14100,0.0,0
2019-02-19 00:00:00+00:00,18.390657424926758,18.41784802366116,18.345336879032658,18.390657424926758,5500,0.0,0
2019-02-20 00:00:00+00:00,18.417846438880385,18.508485794067383,18.417846438880385,18.508485794067383,5700,0.0,0
2019-02-21 00:00:00+00:00,18.51754533456395,18.51754533456395,18.48128890991211,18.48128890991211,8600,0.0,0
2019-02-22 00:00:00+00:00,18.529527664184574,18.565930547601507,18.51132535454221,18.52952766418457,33800,0.083,0
2019-02-25 00:00:00+00:00,18.584128855775916,18.629632884216267,18.584128855775916,18.602331161499023,20200,0.0,0
2019-02-26 00:00:00+00:00,18.57503347360893,18.702446181519083,18.57503347360893,18.629638671875,7700,0.0,0
2019-02-27 00:00:00+00:00,18.57502990326718,18.6660397067961,18.57502990326718,18.656938552856445,7500,0.0,0
2019-02-28 00:00:00+00:00,18.66604281078411,18.6751439662372,18.602336458480384,18.64784049987793,17300,0.0,0
2019-03-01 00:00:00+00:00,18.67514371290031,18.75705237499909,18.67514371290031,18.69334602355957,15900,0.0,0
2019-03-04 00:00:00+00:00,18.738847314773533,18.820755964853795,18.738847314773533,18.784351348876953,26200,0.0,0
2019-03-05 00:00:00+00:00,18.793452257057915,18.83895802643376,18.793452257057915,18.829856872558594,12800,0.0,0
2019-03-06 00:00:00+00:00,18.83895808894555,18.911765584320886,18.83895808894555,18.857158660888672,19200,0.0,0
2019-03-07 00:00:00+00:00,18.829863843986246,18.848064422607422,18.829863843986246,18.848064422607422,8900,0.0,0
2019-03-08 00:00:00+00:00,18.72974800322703,18.757051467895508,18.66604165486839,18.757051467895508,4300,0.0,0
2019-03-11 00:00:00+00:00,18.83895951373323,18.884463550833924,18.83895951373323,18.875362396240234,5500,0.0,0
2019-03-12 00:00:00+00:00,18.85716008705286,18.89356470542761,18.85716008705286,18.875362396240234,14800,0.0,0
2019-03-13 00:00:00+00:00,18.88446258985443,18.9390677787701,18.875361435723875,18.911766052246094,5700,0.0,0
2019-03-14 00:00:00+00:00,18.939068742528306,18.939068742528306,18.875362396240234,18.875362396240234,19200,0.0,0
2019-03-15 00:00:00+00:00,18.975475311279297,19.048282819644506,18.975475311279297,18.975475311279297,8800,0.0,0
2019-03-18 00:00:00+00:00,19.02097754384769,19.102886199951172,18.975473506398092,19.102886199951172,8100,0.0,0
2019-03-19 00:00:00+00:00,19.102886199951172,19.14839197326853,19.102886199951172,19.102886199951172,2400,0.0,0
2019-03-20 00:00:00+00:00,19.06648470424018,19.06648470424018,19.01187777228673,19.020978927612305,24200,0.0,0
2019-03-21 00:00:00+00:00,18.99368125642711,19.06648877872269,18.984580099156627,19.06193733215332,22300,0.0,0
2019-03-22 00:00:00+00:00,18.96637172327065,18.96637172327065,18.875361915519367,18.893564224243164,10500,0.0,0
2019-03-25 00:00:00+00:00,18.896308040698187,18.896308040698187,18.777519830230393,18.832345962524414,12800,0.083,0
2019-03-26 00:00:00+00:00,18.91458194829411,18.969406333491857,18.859755820260578,18.887168884277344,10200,0.0,0
2019-03-27 00:00:00+00:00,18.878030129061266,18.92371682367067,18.878030129061266,18.90544319152832,3400,0.0,0
2019-03-28 00:00:00+00:00,18.932852212302137,18.96026527144065,18.92371452592263,18.94198989868164,6400,0.0,0
2019-03-29 00:00:00+00:00,18.92371663131521,18.92371663131521,18.85975456237793,18.85975456237793,5000,0.0,0
2019-04-01 00:00:00+00:00,18.96027286325554,19.07905934808103,18.96027286325554,19.069923400878906,16300,0.0,0
2019-04-02 00:00:00+00:00,19.10646522738737,19.124740600585938,19.06077853722647,19.124740600585938,9100,0.0,0
2019-04-03 00:00:00+00:00,19.17957113475981,19.19784651382551,19.13388442993164,19.13388442993164,9200,0.0,0
2019-04-04 00:00:00+00:00,19.188708423117212,19.20698380180083,19.143021719244206,19.170433044433594,46000,0.0,0
2019-04-05 00:00:00+00:00,19.170430093427093,19.252667542008087,19.170430093427093,19.234392166137695,42200,0.0,0
2019-04-08 00:00:00+00:00,19.197846294726855,19.225259363012547,19.143021900991528,19.216121673583984,171300,0.0,0
2019-04-09 00:00:00+00:00,19.124740600585938,19.152151917548274,19.115602913986656,19.124740600585938,31100,0.0,0
2019-04-10 00:00:00+00:00,19.206983984155418,19.225259363012547,19.17957091586973,19.216121673583984,170600,0.0,0
2019-04-11 00:00:00+00:00,19.234393190933375,19.362319086006153,19.234393190933375,19.298357009887695,20600,0.0,0
2019-04-12 00:00:00+00:00,19.334904556180835,19.371455307100412,19.32576686845094,19.353179931640625,13200,0.0,0
2019-04-15 00:00:00+00:00,19.371451722419167,19.453689153934473,19.3623140363802,19.444551467895508,88400,0.0,0
2019-04-16 00:00:00+00:00,19.48110580444336,19.50851887006779,19.45369448165481,19.48110580444336,15400,0.0,0
2019-04-17 00:00:00+00:00,19.535926818847656,19.545064505810984,19.471964752939954,19.535926818847656,263800,0.0,0
2019-04-18 00:00:00+00:00,19.563344973369777,19.609031677246097,19.554207284027303,19.609031677246094,9800,0.0,0
2019-04-22 00:00:00+00:00,19.590756113425336,19.618167435919098,19.554205359652492,19.563343048095703,178500,0.0,0
2019-04-23 00:00:00+00:00,19.55420684814453,19.60903124014123,19.55420684814453,19.55420684814453,48800,0.0,0
2019-04-24 00:00:00+00:00,19.567038351177093,19.594546532149767,19.51202373811476,19.55786895751953,34700,0.074,0
2019-04-25 00:00:00+00:00,19.557877721374275,19.576216516906978,19.475354890360915,19.567047119140625,197700,0.0,0
2019-04-26 00:00:00+00:00,19.567041592355242,19.567041592355242,19.4570105991215,19.521196365356445,259200,0.0,0
2019-04-29 00:00:00+00:00,19.557871040156357,19.640393842978877,19.557871040156357,19.622055053710938,129600,0.0,0
2019-04-30 00:00:00+00:00,19.557874273098804,19.612888901113408,19.557874273098804,19.58538246154785,7300,0.0,0
2019-05-01 00:00:00+00:00,19.603714176924306,19.603714176924306,19.521193131772318,19.55786895751953,5800,0.0,0
2019-05-02 00:00:00+00:00,19.539535765585477,19.539535765585477,19.447843551635742,19.447843551635742,14300,0.0,0
2019-05-03 00:00:00+00:00,19.484521136769043,19.49369053305237,19.42950650795261,19.447843551635742,29000,0.0,0
2019-05-06 00:00:00+00:00,19.301136305641617,19.475351333618164,19.301136305641617,19.475351333618164,7400,0.0,0
2019-05-07 00:00:00+00:00,19.34697837235036,19.392823592281918,19.34697837235036,19.35614776611328,25100,0.0,0
2019-05-08 00:00:00+00:00,19.383659526535983,19.45701294791907,19.37449013025266,19.447843551635742,8700,0.0,0
2019-05-09 00:00:00+00:00,19.28279553086661,19.33781014788766,19.28279553086661,19.31947135925293,21200,0.0,0
2019-05-10 00:00:00+00:00,19.301134842120103,19.346981819102545,19.136090971633365,19.337812423706055,20900,0.0,0
2019-05-13 00:00:00+00:00,19.181938372941545,19.181938372941545,19.108584950342447,19.136093139648438,14500,0.0,0
2019-05-14 00:00:00+00:00,19.209446886676403,19.310306751401374,19.20027749008621,19.264461517333984,4100,0.0,0
2019-05-15 00:00:00+00:00,19.246122317334542,19.310306343225612,19.227783524541795,19.291969299316406,7400,0.0,0
2019-05-16 00:00:00+00:00,19.447846076168798,19.466184871116013,19.374492645263672,19.374492645263672,5800,0.0,0
2019-05-17 00:00:00+00:00,19.346986201726594,19.411170235158107,19.346986201726594,19.374492645263672,4200,0.0,0
2019-05-21 00:00:00+00:00,19.36532356875403,19.50286102294922,19.36532356875403,19.50286102294922,5400,0.0,0
2019-05-22 00:00:00+00:00,19.466182137740677,19.466182137740677,19.3561528812748,19.429506301879883,9300,0.0,0
2019-05-23 00:00:00+00:00,19.310302786971572,19.310302786971572,19.11775074475943,19.15442657470703,11300,0.0,0
2019-05-24 00:00:00+00:00,19.259328804329662,19.351346969604492,19.259328804329662,19.351346969604492,4900,0.074,0
2019-05-27 00:00:00+00:00,19.33294762493652,19.378955841064453,19.33294762493652,19.378955841064453,4000,0.0,0
2019-05-28 00:00:00+00:00,19.3421458337566,19.43416400310466,19.3421458337566,19.397356033325195,3600,0.0,0
2019-05-29 00:00:00+00:00,19.323746772634934,19.323746772634934,19.204124350572606,19.259334564208984,17600,0.0,0
2019-05-30 00:00:00+00:00,19.259329936827896,19.26853192940653,19.12130355834961,19.12130355834961,14400,0.0,0
2019-05-31 00:00:00+00:00,19.05688769612348,19.05688769612348,18.95566929812665,18.992475509643555,10700,0.0,0
2019-06-03 00:00:00+00:00,19.020083460036034,19.121303623646057,19.020083460036034,19.04768943786621,3300,0.0,0
2019-06-04 00:00:00+00:00,19.15810860162209,19.314538955688477,19.15810860162209,19.314538955688477,3800,0.0,0
2019-06-05 00:00:00+00:00,19.397355128729536,19.397355128729536,19.25932875869461,19.314538955688477,8400,0.0,0
2019-06-06 00:00:00+00:00,19.33294298552942,19.36974919857904,19.305337009416817,19.351346969604492,29100,0.0,0
2019-06-07 00:00:00+00:00,19.351346969604492,19.397355174691643,19.342144977566956,19.351346969604492,14000,0.0,0
2019-06-10 00:00:00+00:00,19.443362433515567,19.443362433515567,19.36054801940918,19.36054801940918,30900,0.0,0
2019-06-11 00:00:00+00:00,19.443363333707673,19.443363333707673,19.314538955688477,19.314538955688477,7000,0.0,0
2019-06-12 00:00:00+00:00,19.305338035138977,19.305338035138977,19.13970567986409,19.158109664916992,2200,0.0,0
2019-06-13 00:00:00+00:00,19.213319973934716,19.213319973934716,19.11210156577097,19.12130355834961,8400,0.0,0
2019-06-14 00:00:00+00:00,19.158112460181606,19.250130643771413,19.066094276591798,19.240928649902344,8500,0.0,0
2019-06-17 00:00:00+00:00,19.309264363738755,19.309264363738755,19.272327423095703,19.272327423095703,4200,0.074,0
2019-06-18 00:00:00+00:00,19.33696326200001,19.521651438903906,19.33696326200001,19.48471450805664,12900,0.0,0
2019-06-19 00:00:00+00:00,19.534753165273667,19.581087261951314,19.52548599243164,19.52548599243164,3300,0.074,0
2019-06-20 00:00:00+00:00,19.54402795904241,19.553295135498047,19.516226429675502,19.553295135498047,36200,0.0,0
2019-06-21 00:00:00+00:00,19.571829488409318,19.599629250243048,19.553295135498047,19.553295135498047,11400,0.0,0
2019-06-24 00:00:00+00:00,19.544022395011073,19.553289568828415,19.479153945822343,19.49768829345703,18000,0.0,0
2019-06-25 00:00:00+00:00,19.469890761251012,19.469890761251012,19.414289474487305,19.414289474487305,5400,0.0,0
2019-06-26 00:00:00+00:00,19.460621059413455,19.460621059413455,19.340151325807714,19.349416732788086,9000,0.0,0
2019-06-27 00:00:00+00:00,19.40502056504404,19.40502056504404,19.321617758583525,19.33088493347168,7300,0.0,0
2019-06-28 00:00:00+00:00,19.386483990697393,19.44208526611328,19.367949643047872,19.44208526611328,15800,0.0,0
2019-07-02 00:00:00+00:00,19.618160258758316,19.618160258758316,19.55329180216046,19.59035873413086,4800,0.0,0
2019-07-03 00:00:00+00:00,19.60889415841266,19.73863107871771,19.60889415841266,19.7200984954834,15700,0.0,0
2019-07-04 00:00:00+00:00,19.710830688476562,19.710830688476562,19.683029163216517,19.710830688476562,21200,0.0,0
2019-07-05 00:00:00+00:00,19.692296981811523,19.701564157201037,19.65522828025346,19.692296981811523,3500,0.0,0
2019-07-08 00:00:00+00:00,19.6644929279825,19.6644929279825,19.599624476127012,19.65522575378418,10300,0.0,0
2019-07-09 00:00:00+00:00,19.636694414830306,19.7293643951416,19.60889289047706,19.7293643951416,28400,0.0,0
2019-07-10 00:00:00+00:00,19.79423285109965,19.859101307057703,19.701562870788354,19.7293643951416,13400,0.0,0
2019-07-11 00:00:00+00:00,19.7293643951416,19.73862980239316,19.683028521219523,19.7293643951416,20200,0.0,0
2019-07-12 00:00:00+00:00,19.72936329688219,19.72936329688219,19.608891798923842,19.627426147460938,9600,0.0,0
2019-07-15 00:00:00+00:00,19.599629709154758,19.62743123917262,19.581095355809516,19.6181640625,17700,0.0,0
2019-07-16 00:00:00+00:00,19.6181640625,19.636698415845242,19.571829946670118,19.6181640625,1700,0.0,0
2019-07-17 00:00:00+00:00,19.571824402977935,19.571824402977935,19.53475570678711,19.53475570678711,4500,0.0,0
2019-07-18 00:00:00+00:00,19.497688769685848,19.58108980101365,19.497688769685848,19.562557220458984,10600,0.0,0
2019-07-19 00:00:00+00:00,19.599628448486328,19.627429976715966,19.571828687789793,19.599628448486328,6500,0.0,0
2019-07-22 00:00:00+00:00,19.6181640625,19.6181640625,19.590362532482136,19.6181640625,86400,0.0,0
2019-07-23 00:00:00+00:00,19.69229634989682,19.69229634989682,19.664494824620412,19.683029174804688,1900,0.0,0
2019-07-24 00:00:00+00:00,19.67376199971255,19.683029174804688,19.562559433672742,19.683029174804688,14000,0.0,0
2019-07-25 00:00:00+00:00,19.650476218194232,19.650476218194232,19.548179626464844,19.548179626464844,13200,0.075,0
2019-07-26 00:00:00+00:00,19.61328419949497,19.622584215127986,19.57608413696289,19.57608413696289,11600,0.0,0
2019-07-29 00:00:00+00:00,19.557484190854208,19.594682476377887,19.557484190854208,19.58538246154785,5800,0.0,0
2019-07-30 00:00:00+00:00,19.48308432534764,19.48308432534764,19.408685986310648,19.427284240722656,9700,0.0,0
2019-07-31 00:00:00+00:00,19.473783493041992,19.473783493041992,19.34358507485037,19.473783493041992,23000,0.0,0
2019-08-01 00:00:00+00:00,19.49238308522079,19.529583142629008,19.352886417532712,19.362186431884766,16800,0.0,0
2019-08-02 00:00:00+00:00,19.352886584228557,19.352886584228557,19.111091530381554,19.19478988647461,13100,0.0,0
2019-08-06 00:00:00+00:00,18.97159194946289,18.97159194946289,18.785597010757986,18.97159194946289,29800,0.0,0
2019-08-07 00:00:00+00:00,18.82279731864454,19.0645923614502,18.82279731864454,19.064592361450195,15300,0.0,0
2019-08-08 00:00:00+00:00,19.129689355802707,19.213387702255012,19.129689355802707,19.176189422607422,21600,0.0,0
2019-08-09 00:00:00+00:00,19.1575923391498,19.1575923391498,19.09249400941804,19.138992309570312,20000,0.0,0
2019-08-12 00:00:00+00:00,19.073893935648492,19.09249396518489,18.952995517458362,18.962295532226562,59500,0.0,0
2019-08-13 00:00:00+00:00,18.934394396611452,19.222687715615955,18.934394396611452,19.176189422607422,17900,0.0,0
2019-08-14 00:00:00+00:00,19.055289835327592,19.092489886453333,18.859994888305664,18.859994888305664,35000,0.0,0
2019-08-15 00:00:00+00:00,18.83209506868147,18.89719338511151,18.83209506868147,18.869295120239258,6500,0.0,0
2019-08-16 00:00:00+00:00,19.05529147446008,19.073891501622924,18.98089313960494,19.02739143371582,6900,0.0,0
2019-08-19 00:00:00+00:00,19.241287012519912,19.250587025528105,19.111088604201292,19.23198699951172,7800,0.0,0
2019-08-20 00:00:00+00:00,19.129693862066983,19.129693862066983,19.02739546479499,19.03669548034668,27000,0.0,0
2019-08-21 00:00:00+00:00,19.12969104130103,19.16689109802246,19.10179277255629,19.16689109802246,7000,0.0,0
2019-08-22 00:00:00+00:00,19.185487662172186,19.185487662172186,19.176189422607422,19.176189422607422,1000,0.0,0
2019-08-23 00:00:00+00:00,19.101795163137094,19.101795163137094,18.925098419189453,18.925098419189453,6600,0.0,0
2019-08-26 00:00:00+00:00,18.995105743408203,19.06044488740169,18.967102490114648,18.995105743408203,13200,0.075,0
2019-08-27 00:00:00+00:00,18.99976574031163,18.99976574031163,18.911091471590545,18.957761764526367,3200,0.0,0
2019-08-28 00:00:00+00:00,18.92042467279449,19.15377968322257,18.92042467279449,19.13511085510254,2500,0.0,0
2019-08-29 00:00:00+00:00,19.21911995852081,19.387135861002914,19.21911995852081,19.34979820251465,6100,0.0,0
2019-08-30 00:00:00+00:00,19.38713312128607,19.443137820746546,19.38713312128607,19.424468994140625,2400,0.0,0
2019-09-03 00:00:00+00:00,19.312459595219668,19.424468994140625,19.312459595219668,19.424468994140625,3300,0.0,0
2019-09-04 00:00:00+00:00,19.47114753723145,19.47114753723145,19.47114753723145,19.471147537231445,500,0.0,0
2019-09-05 00:00:00+00:00,19.573823074927112,19.723170180688125,19.573823074927112,19.648496627807617,6000,0.0,0
2019-09-06 00:00:00+00:00,19.66716288430951,19.676497299741314,19.657828468877707,19.66249656677246,2700,0.0,0
2019-09-09 00:00:00+00:00,19.704502422387083,19.751172723632546,19.704502422387083,19.73250389099121,14300,0.0,0
2019-09-10 00:00:00+00:00,19.825841072046092,19.900514602661136,19.797837830431426,19.900514602661133,12100,0.0,0
2019-09-11 00:00:00+00:00,19.947192145844003,20.040532749458887,19.928523312977866,20.012531280517578,13600,0.0,0
2019-09-12 00:00:00+00:00,19.993861915088573,20.143209013323805,19.965858666535276,20.115205764770508,7700,0.0,0
2019-09-13 00:00:00+00:00,20.105876664259892,20.292559679700407,20.105876664259892,20.22722053527832,9500,0.0,0
2019-09-16 00:00:00+00:00,20.217883600530296,20.227218017194005,20.171213297569686,20.1805477142334,6300,0.0,0
2019-09-17 00:00:00+00:00,20.217883505273907,20.33922914097247,20.217883505273907,20.31122589111328,5000,0.0,0
2019-09-18 00:00:00+00:00,20.329895187293978,20.367231074265163,20.32056077046169,20.348562240600586,12600,0.0,0
2019-09-19 00:00:00+00:00,20.36722671497827,20.47923791263351,20.36722671497827,20.4419002532959,6100,0.0,0
2019-09-20 00:00:00+00:00,20.49790617766406,20.55391266999219,20.488573542633734,20.525909423828125,14000,0.0,0
2019-09-23 00:00:00+00:00,20.441902753576034,20.48857483345658,20.432568337599925,20.47924041748047,5200,0.0,0
2019-09-24 00:00:00+00:00,20.502655692643515,20.5120221273319,20.380895614624023,20.380895614624023,7400,0.075,0
2019-09-25 00:00:00+00:00,20.39962708051619,20.474556766403385,20.39962708051619,20.45582389831543,8400,0.0,0
2019-09-26 00:00:00+00:00,20.455822546677457,20.483921846952704,20.427723246402213,20.46518898010254,5600,0.0,0
2019-09-27 00:00:00+00:00,20.549489171678008,20.549489171678008,20.43709373474121,20.43709373474121,3400,0.0,0
2019-09-30 00:00:00+00:00,20.502654232177356,20.568217483861027,20.502654232177356,20.521387100219727,4900,0.0,0
2019-10-01 00:00:00+00:00,20.540119240078663,20.55885210745692,20.249766941573935,20.277864456176758,7600,0.0,0
2019-10-02 00:00:00+00:00,20.19356492068572,20.212297784892517,19.959409477493512,19.98750877380371,21700,0.0,0
2019-10-03 00:00:00+00:00,20.04371015372314,20.04371015372314,19.8751179103195,20.034343719482422,9600,0.0,0
2019-10-04 00:00:00+00:00,20.090541790029107,20.156105041503906,20.090541790029107,20.156105041503906,1100,0.0,0
2019-10-07 00:00:00+00:00,20.174837909486598,20.212301858987363,20.156105041503906,20.156105041503906,4600,0.0,0
2019-10-08 00:00:00+00:00,20.03433914785645,20.053072012063247,19.940678399750972,19.98750877380371,5500,0.0,0
2019-10-09 00:00:00+00:00,20.071813271591477,20.17484228135796,20.043713963528344,20.165475845336914,12100,0.0,0
2019-10-10 00:00:00+00:00,20.13736800571691,20.1841983795166,20.13736800571691,20.1841983795166,2200,0.0,0
2019-10-11 00:00:00+00:00,20.324696624622398,20.343427705536094,20.277864456176758,20.277864456176758,21000,0.0,0
2019-10-15 00:00:00+00:00,20.249766701232137,20.390259631972448,20.249766701232137,20.30596351623535,6100,0.0,0
2019-10-16 00:00:00+00:00,20.343429930395434,20.343429930395434,20.315332412719723,20.315332412719727,6500,0.0,0
2019-10-17 00:00:00+00:00,20.343427705536094,20.343427705536094,20.2591315887985,20.277864456176758,10200,0.0,0
2019-10-18 00:00:00+00:00,20.45582536049254,20.45582536049254,20.305965978006235,20.315332412719727,10900,0.0,0
2019-10-21 00:00:00+00:00,20.40899030341988,20.4183549495258,20.334058842857733,20.39962387084961,12300,0.0,0
2019-10-22 00:00:00+00:00,20.44645862652349,20.493289012940767,20.40899467468262,20.408994674682617,4500,0.0,0
2019-10-23 00:00:00+00:00,20.39962630767086,20.39962630767086,20.26849802248763,20.277864456176758,21700,0.0,0
2019-10-24 00:00:00+00:00,20.27786394630112,20.27786394630112,20.18420139822949,20.20293426513672,9600,0.0,0
2019-10-25 00:00:00+00:00,20.212339395888883,20.287548028893163,20.16533467267943,20.26874542236328,3300,0.08,0
2019-10-28 00:00:00+00:00,20.334550952799418,20.36275486009862,20.325151443481445,20.325151443481445,9400,0.0,0
2019-10-29 00:00:00+00:00,20.278144912373175,20.343952236228077,20.278144912373175,20.315750122070312,2900,0.0,0
2019-10-30 00:00:00+00:00,20.334548995027248,20.414459161457167,20.278142978974603,20.409757614135742,9700,0.0,0
2019-10-31 00:00:00+00:00,20.419160881581927,20.428562184014993,20.325151443481445,20.325151443481445,6600,0.0,0
2019-11-01 00:00:00+00:00,20.466165522765024,20.513170237518175,20.433261863814835,20.456764221191406,8800,0.0,0
2019-11-04 00:00:00+00:00,20.531972889788285,20.588378906250004,20.531972889788285,20.58837890625,16500,0.0,0
2019-11-05 00:00:00+00:00,20.61658287813918,20.61658287813918,20.56017686149388,20.593080520629883,2200,0.0,0
2019-11-06 00:00:00+00:00,20.58837902912331,20.710594157487176,20.58837902912331,20.70119285583496,13800,0.0,0
2019-11-07 00:00:00+00:00,20.79520215209823,20.86100946445027,20.74819564819336,20.74819564819336,16700,0.0,0
2019-11-08 00:00:00+00:00,20.79520406812791,20.804603576660156,20.79520406812791,20.804603576660156,2400,0.0,0
2019-11-11 00:00:00+00:00,20.795204107602256,20.823406219482422,20.77640150427218,20.823406219482422,5800,0.0,0
2019-11-12 00:00:00+00:00,20.85161022311906,20.9268188436802,20.85161022311906,20.870412826538086,5500,0.0,0
2019-11-13 00:00:00+00:00,20.879814260956238,20.96442419103078,20.879814260956238,20.936222076416016,19700,0.0,0
2019-11-14 00:00:00+00:00,20.92681500443054,20.964418411254883,20.92681500443054,20.964418411254883,9400,0.0,0
2019-11-15 00:00:00+00:00,20.964420462150315,21.058431678079984,20.964420462150315,21.030229568481445,17900,0.0,0
2019-11-18 00:00:00+00:00,21.03962907627109,21.03962907627109,21.002025665768105,21.030229568481445,8200,0.0,0
2019-11-19 00:00:00+00:00,21.067830996646144,21.067830996646144,21.00202368962183,21.049028396606445,16300,0.0,0
2019-11-20 00:00:00+00:00,21.002029362389496,21.020831967507885,20.945623340149446,20.973825454711914,9000,0.0,0
2019-11-21 00:00:00+00:00,21.020832006490554,21.020832006490554,20.88921556353287,20.936222076416016,5600,0.0,0
2019-11-22 00:00:00+00:00,20.973823543344828,20.973823543344828,20.917417526245117,20.917417526245117,3900,0.0,0
2019-11-25 00:00:00+00:00,20.97382545471191,20.983226757271108,20.97382545471191,20.973825454711914,5200,0.0,0
2019-11-26 00:00:00+00:00,20.917216678745827,20.917216678745827,20.78512838113234,20.87004280090332,9500,0.08,0
2019-11-27 00:00:00+00:00,20.917216901601684,20.94552230834961,20.870043023256578,20.94552230834961,2500,0.0,0
2019-11-28 00:00:00+00:00,20.879472038185785,20.964386441288106,20.879472038185785,20.93608283996582,20200,0.0,0
2019-11-29 00:00:00+00:00,20.983256708548115,20.983256708548115,20.93608283996582,20.93608283996582,5500,0.0,0
2019-12-02 00:00:00+00:00,20.964390390070182,20.964390390070182,20.81343182269151,20.83230209350586,16700,0.0,0
2019-12-03 00:00:00+00:00,20.747387058043437,20.747387058043437,20.568123089768832,20.64360237121582,11700,0.0,0
2019-12-04 00:00:00+00:00,20.596426010131836,20.690775550449036,20.586990876143336,20.596426010131836,13100,0.0,0
2019-12-05 00:00:00+00:00,20.586992032929047,20.586992032929047,20.483207352791673,20.511512756347656,15300,0.0,0
2019-12-06 00:00:00+00:00,20.66246819877129,20.74738259708746,20.66246819877129,20.737947463989258,2300,0.0,0
2019-12-09 00:00:00+00:00,20.75681766277816,20.75681766277816,20.64359786553507,20.70020866394043,19600,0.0,0
2019-12-10 00:00:00+00:00,20.70964663652013,20.76625564311956,20.662470964714046,20.719079971313477,9000,0.0,0
2019-12-11 00:00:00+00:00,20.7945581950484,20.7945581950484,20.662468131670188,20.70020866394043,2600,0.0,0
2019-12-12 00:00:00+00:00,20.681340822454423,20.841734504272,20.681340822454423,20.709646224975586,130100,0.0,0
2019-12-13 00:00:00+00:00,20.766252585428806,20.84173184963685,20.766252585428806,20.803991317749023,6800,0.0,0
2019-12-16 00:00:00+00:00,20.84173474712488,20.97382302796042,20.84173474712488,20.964387893676758,8900,0.0,0
2019-12-17 00:00:00+00:00,20.954955644364148,20.96439077994679,20.8983466304364,20.94552230834961,12000,0.0,0
2019-12-18 00:00:00+00:00,20.96438713847014,20.96438713847014,20.841733996336632,20.879472732543945,8300,0.0,0
2019-12-19 00:00:00+00:00,20.954951134312374,20.954951134312374,20.870038531480212,20.89834213256836,6000,0.0,0
2019-12-20 00:00:00+00:00,21.049304032684034,21.049304032684034,20.96438961671991,21.03043556213379,21200,0.0,0
2019-12-23 00:00:00+00:00,21.03043435446718,21.03043435446718,20.93608480886192,20.97382354736328,3100,0.0,0
2019-12-24 00:00:00+00:00,20.973821574918112,20.973821574918112,20.879472038185785,20.93608283996582,6400,0.0,0
2019-12-27 00:00:00+00:00,21.002126975808128,21.002126975808128,20.898342305445798,20.93608283996582,10400,0.0,0
2019-12-30 00:00:00+00:00,20.99289620002255,20.99289620002255,20.831922183633132,20.8792667388916,8700,0.08,0
2019-12-31 00:00:00+00:00,20.850860728168126,20.8792667388916,20.831922183633132,20.8792667388916,4500,0.0,0
2020-01-02 00:00:00+00:00,20.945556185472615,20.945556185472615,20.84139597402866,20.88874053955078,16900,0.0,0
2020-01-03 00:00:00+00:00,20.812987314641365,20.860333684340148,20.775112024961672,20.85086441040039,18600,0.0,0
2020-01-06 00:00:00+00:00,20.822457425388052,20.88874053955078,20.822457425388052,20.88874053955078,17100,0.0,0
2020-01-07 00:00:00+00:00,20.888737669275923,20.964490047349994,20.888737669275923,20.92661476135254,22500,0.0,0
2020-01-08 00:00:00+00:00,20.964489330870926,21.16334044531893,20.964489330870926,21.097057342529297,12900,0.0,0
2020-01-09 00:00:00+00:00,21.22015487256086,21.22015487256086,21.182279586791992,21.182279586791992,2500,0.0,0
2020-01-10 00:00:00+00:00,21.21068870684473,21.21068870684473,21.153874866828946,21.172813415527344,21000,0.0,0
2020-01-13 00:00:00+00:00,21.191743850708008,21.191743850708008,21.1254607560713,21.191743850708008,8200,0.0,0
2020-01-14 00:00:00+00:00,21.25803209508153,21.25803209508153,21.18227971699899,21.21068572998047,14200,0.0,0
2020-01-15 00:00:00+00:00,21.220154521750207,21.25803161297204,21.220154521750207,21.229623794555664,8200,0.0,0
2020-01-16 00:00:00+00:00,21.25803185668609,21.362190246582035,21.25803185668609,21.36219024658203,36300,0.0,0
2020-01-17 00:00:00+00:00,21.41900741827699,21.494759800936038,21.40006887109241,21.48529052734375,11000,0.0,0
2020-01-20 00:00:00+00:00,21.51369973991813,21.589452133837295,21.50423046491829,21.579984664916992,9000,0.0,0
2020-01-21 00:00:00+00:00,21.561044692993164,21.570513967368512,21.51369832111641,21.561044692993164,12400,0.0,0
2020-01-22 00:00:00+00:00,21.532634612426552,21.636794813556037,21.494759324975337,21.608386993408203,19300,0.0,0
2020-01-23 00:00:00+00:00,21.598916176921612,21.665199279785156,21.542102346764164,21.665199279785156,17200,0.0,0
2020-01-24 00:00:00+00:00,21.665204392078785,21.722020041722004,21.6367983733367,21.655736923217773,7600,0.0,0
2020-01-27 00:00:00+00:00,21.489479416651662,21.80298632668139,21.43247684244876,21.546480178833008,75900,0.075,0
2020-01-28 00:00:00+00:00,21.64147956804981,21.679479466739423,21.574976574305712,21.65097999572754,15700,0.0,0
2020-01-29 00:00:00+00:00,21.68897989441715,21.68897989441715,21.6034778573389,21.65097999572754,11300,0.0,0
2020-01-30 00:00:00+00:00,21.612981370048164,21.612981370048164,21.46097812955021,21.546480178833008,26700,0.0,0
2020-01-31 00:00:00+00:00,21.527478010890054,21.527478010890054,21.3279744493837,21.356473922729492,11200,0.0,0
2020-02-03 00:00:00+00:00,21.403976644411017,21.517978164923097,21.403976644411017,21.44197654724121,41200,0.0,0
2020-02-04 00:00:00+00:00,21.61298703751739,21.61298703751739,21.536985397338867,21.536985397338867,34100,0.0,0
2020-02-05 00:00:00+00:00,21.660484606895402,21.726987619047193,21.641485558302406,21.698486328125,7400,0.0,0
2020-02-06 00:00:00+00:00,21.74598552565343,21.82198715209961,21.74598552565343,21.82198715209961,9300,0.0,0
2020-02-07 00:00:00+00:00,21.78398761210382,21.878990099768444,21.78398761210382,21.869489669799805,11600,0.0,0
2020-02-10 00:00:00+00:00,21.82198384345121,21.916986315110083,21.82198384345121,21.897985458374023,14100,0.0,0
2020-02-11 00:00:00+00:00,21.95499249194712,22.03099412232077,21.95499249194712,21.992992401123047,6200,0.0,0
2020-02-12 00:00:00+00:00,22.068994031496697,22.068994031496697,21.97399154052418,21.992992401123047,9500,0.0,0
2020-02-13 00:00:00+00:00,21.935985641020554,21.97398553981938,21.935985641020554,21.945486068725586,20700,0.0,0
2020-02-14 00:00:00+00:00,21.97399154052418,22.04999317089783,21.97399154052418,21.992992401123047,11200,0.0,0
2020-02-18 00:00:00+00:00,21.983488382051895,22.049989571269894,21.983488382051895,22.0214900970459,13400,0.0,0
2020-02-19 00:00:00+00:00,22.506003169600827,22.506003169600827,21.992990841932293,22.049991607666016,46300,0.0,0
2020-02-20 00:00:00+00:00,22.030992781701244,22.087993548007447,22.030992781701244,22.078493118286133,12100,0.0,0
2020-02-21 00:00:00+00:00,22.059493601197264,22.059493601197264,21.983491970823614,21.992992401123047,11300,0.0,0
2020-02-24 00:00:00+00:00,21.65463733558144,21.692762570837356,21.56885737416691,21.62604522705078,41500,0.075,0
2020-02-25 00:00:00+00:00,21.635575698982485,21.635575698982485,21.178081983164127,21.225738525390625,49600,0.0,0
2020-02-26 00:00:00+00:00,21.18761205221262,21.34010934259448,21.054177377606273,21.08277130126953,76900,0.0,0
2020-02-27 00:00:00+00:00,20.825432880096816,20.834964188642736,20.482313044088553,20.730121612548828,78200,0.0,0
2020-02-28 00:00:00+00:00,20.186849500061196,20.224972915860114,19.77701232723346,20.129663467407227,259300,0.0,0
2020-03-02 00:00:00+00:00,20.09153793669456,20.453718562030733,19.977164055166146,20.444189071655273,194100,0.0,0
2020-03-03 00:00:00+00:00,20.52997166052166,20.625281119785498,20.17732048034668,20.17732048034668,135600,0.0,0
2020-03-04 00:00:00+00:00,20.4155931569425,20.577621746200418,20.320281901277077,20.568090438842773,66700,0.0,0
2020-03-05 00:00:00+00:00,20.32028332046745,20.348877244537405,20.101068689664494,20.21544075012207,124700,0.0,0
2020-03-06 00:00:00+00:00,19.83419685205015,19.87232208286191,19.60545092091281,19.748416900634766,140500,0.0,0
2020-03-09 00:00:00+00:00,17.975636109487372,18.44265929582374,17.518142413276678,17.527673721313477,317100,0.0,0
2020-03-10 00:00:00+00:00,18.29015947124752,18.29015947124752,17.346581921152417,17.97563362121582,241300,0.0,0
2020-03-11 00:00:00+00:00,17.651581068826395,17.651581068826395,17.136901279297795,17.155963897705078,255800,0.0,0
2020-03-12 00:00:00+00:00,15.688174083109145,15.764424552268489,14.534913005742695,14.658817291259766,148800,0.0,0
2020-03-13 00:00:00+00:00,15.526149087124361,16.51738166809082,15.068656217722577,16.51738166809082,125600,0.0,0
2020-03-16 00:00:00+00:00,14.125075361230612,15.345055559179542,14.125075361230612,14.735065460205078,77900,0.0,0
2020-03-17 00:00:00+00:00,14.973342516009978,15.526146575558979,14.696940940713269,14.954279899597168,126600,0.0,0
2020-03-18 00:00:00+00:00,13.972577764368054,14.639753881134967,13.457898941838657,13.829611778259277,182500,0.0,0
2020-03-19 00:00:00+00:00,13.572270912024882,14.38241386413574,13.438836243881097,14.382413864135742,181900,0.0,0
2020-03-20 00:00:00+00:00,14.916153325968626,15.163961848225485,14.001168782136364,14.077418327331543,100100,0.0,0
2020-03-23 00:00:00+00:00,13.810551619167255,14.010704580703987,12.933691112335454,12.962285041809082,149500,0.0,0
2020-03-24 00:00:00+00:00,13.848674635761157,14.7064733505249,13.724770346663428,14.706473350524902,309600,0.0,0
2020-03-25 00:00:00+00:00,14.787879522675892,16.52143320588267,14.71125845624196,15.736066818237305,253800,0.075,0
2020-03-26 00:00:00+00:00,15.764801924114632,16.463971358934327,15.707336568783804,16.14790916442871,121800,0.0,0
2020-03-27 00:00:00+00:00,15.544516201023837,15.544516201023837,15.1422559822859,15.199721336364746,106400,0.0,0
2020-03-30 00:00:00+00:00,15.257184946044882,15.487048149108887,14.9123892280537,15.487048149108887,73700,0.0,0
2020-03-31 00:00:00+00:00,15.697758058472477,16.454392817455588,15.697758058472477,16.272417068481445,217700,0.0,0
2020-04-01 00:00:00+00:00,15.745646784583682,15.82226786125942,15.352963538271712,15.42000675201416,43600,0.0,0
2020-04-02 00:00:00+00:00,15.487048769681458,15.764799466133669,15.458315183100709,15.515782356262207,29500,0.0,0
2020-04-03 00:00:00+00:00,15.601981641799865,15.630713402239493,15.209297503545686,15.410428047180176,25900,0.0,0
2020-04-06 00:00:00+00:00,15.937199160410328,16.272417068481445,15.879733807446621,16.272417068481445,31700,0.0,0
2020-04-07 00:00:00+00:00,16.827919116263576,16.98116126410827,16.368192672729492,16.368192672729492,55100,0.0,0
2020-04-08 00:00:00+00:00,16.48312404062159,16.655521920656284,16.262838672484175,16.617212295532227,22000,0.0,0
2020-04-09 00:00:00+00:00,16.82791878386716,17.067359863493703,16.75129771145828,16.847074508666992,34500,0.0,0
2020-04-13 00:00:00+00:00,16.885387631950124,16.92369908949206,16.645946502685547,16.645946502685547,45900,0.0,0
2020-04-14 00:00:00+00:00,16.914119913182848,16.942853504110612,16.56932412921246,16.674678802490234,24800,0.0,0
2020-04-15 00:00:00+00:00,16.41607883742776,16.41607883742776,16.090438842773438,16.090438842773438,29500,0.0,0
2020-04-16 00:00:00+00:00,16.195793432349376,16.205371294129854,15.793532371520996,15.793532371520996,24200,0.0,0
2020-04-17 00:00:00+00:00,16.329885482788086,16.329885482788086,16.15748939157809,16.329885482788086,54100,0.0,0
2020-04-20 00:00:00+00:00,16.109600066138388,16.48312767061318,15.937202148137416,16.329885482788086,26600,0.0,0
2020-04-21 00:00:00+00:00,15.985087451810497,16.013819213054575,15.755224227905273,15.755224227905273,34300,0.0,0
2020-04-22 00:00:00+00:00,15.879732954185844,15.975509755172766,15.822267604309905,15.96593189239502,31100,0.0,0
2020-04-23 00:00:00+00:00,16.013820700491284,16.023398564059118,15.841424636642323,15.860578536987305,7200,0.0,0
2020-04-24 00:00:00+00:00,15.926981152396685,16.00396951105511,15.782628209355542,15.99434757232666,18400,0.079,0
2020-04-27 00:00:00+00:00,16.09058099518156,16.34079360961914,16.07133528295343,16.34079360961914,66000,0.0,0
2020-04-28 00:00:00+00:00,16.591006952423832,16.744983670291788,16.54288991642032,16.63912582397461,13300,0.0,0
2020-04-29 00:00:00+00:00,16.98557060406165,17.32239532470703,16.98557060406165,17.32239532470703,46600,0.0,0
2020-04-30 00:00:00+00:00,17.197288195722045,17.197288195722045,16.73535630567122,16.77385139465332,36700,0.0,0
2020-05-01 00:00:00+00:00,16.504393597545832,16.504393597545832,16.302299858633084,16.36004066467285,41000,0.0,0
2020-05-04 00:00:00+00:00,16.1964389975547,16.417780267440808,16.119450649961838,16.36966323852539,35600,0.0,0
2020-05-05 00:00:00+00:00,16.591005372013672,16.67761749700739,16.408157348632812,16.408157348632812,318400,0.0,0
2020-05-06 00:00:00+00:00,16.55251269242723,16.60062972552874,16.398535983845807,16.494770050048828,21900,0.0,0
2020-05-07 00:00:00+00:00,16.69686480887437,16.69686480887437,16.254180416740798,16.273427963256836,17600,0.0,0
2020-05-08 00:00:00+00:00,16.437028048237828,16.51401639693145,16.360039699544206,16.504392623901367,111700,0.0,0
2020-05-11 00:00:00+00:00,16.3889116746852,16.70648885520243,16.360040354439235,16.69686508178711,20100,0.0,0
2020-05-12 00:00:00+00:00,16.783474717704877,16.783474717704877,16.42740249633789,16.42740249633789,23700,0.0,0
2020-05-13 00:00:00+00:00,16.427405114895947,16.427405114895947,15.792250746820846,15.859615325927734,33000,0.0,0
2020-05-14 00:00:00+00:00,15.68638763446077,15.849988077371934,15.397681834286582,15.811494827270508,29900,0.0,0
2020-05-15 00:00:00+00:00,15.811498150152426,15.859615181777972,15.734509798223295,15.830745697021484,14900,0.0,0
2020-05-19 00:00:00+00:00,16.331167469437467,16.331167469437467,16.17719078063965,16.17719078063965,17600,0.0,0
2020-05-20 00:00:00+00:00,16.398535542713898,16.398535542713898,16.31192341702338,16.33116912841797,22200,0.0,0
2020-05-21 00:00:00+00:00,16.34079052562944,16.34079052562944,16.157944362913945,16.167566299438477,18900,0.0,0
2020-05-22 00:00:00+00:00,16.176270881012833,16.176270881012833,15.944214609930023,16.079580307006836,6500,0.079,0
2020-05-25 00:00:00+00:00,16.23428630724547,16.243953704833984,16.147264975194414,16.243953704833984,16900,0.0,0
2020-05-26 00:00:00+00:00,16.485679000544515,16.891777930035133,16.485679000544515,16.882108688354492,51400,0.0,0
2020-05-27 00:00:00+00:00,17.162513143794396,17.230195999145508,16.978801219113166,17.230195999145508,83400,0.0,0
2020-05-28 00:00:00+00:00,17.288207134330058,17.288207134330058,17.08515859737323,17.133502960205078,185800,0.0,0
2020-05-29 00:00:00+00:00,16.920786027931335,17.017476602649094,16.804756969426162,16.94012451171875,23400,0.0,0
2020-06-01 00:00:00+00:00,16.959463976306715,17.162512535159333,16.959463976306715,17.114168167114258,17000,0.0,0
2020-06-02 00:00:00+00:00,17.220522938971058,17.433242544884834,17.220522938971058,17.39456558227539,59600,0.0,0
2020-06-03 00:00:00+00:00,17.6072859633937,17.858680725097656,17.6072859633937,17.858680725097656,22400,0.0,0
2020-06-04 00:00:00+00:00,17.839343591220278,17.839343591220278,17.59761807829978,17.761991500854492,23500,0.0,0
2020-06-05 00:00:00+00:00,18.226105628772785,18.332463609642126,18.158422774341535,18.2164363861084,55700,0.0,0
2020-06-08 00:00:00+00:00,18.409816035268367,18.477498884127257,18.274448493331267,18.458160400390625,37300,0.0,0
2020-06-09 00:00:00+00:00,18.28411809712976,18.28411809712976,18.119744670553292,18.187427520751953,20600,0.0,0
2020-06-10 00:00:00+00:00,18.18742667151165,18.18742667151165,17.85867983370916,17.868349075317383,41000,0.0,0
2020-06-11 00:00:00+00:00,17.317214351775355,17.384897195446904,17.017475253707424,17.036813735961914,52400,0.0,0
2020-06-12 00:00:00+00:00,17.471920941338897,17.471920941338897,17.143174074355812,17.29787826538086,38200,0.0,0
2020-06-15 00:00:00+00:00,16.91111616695625,17.529932871745373,16.91111616695625,17.3365535736084,32600,0.0,0
2020-06-16 00:00:00+00:00,17.80066562092419,17.8103348622025,17.481588035616785,17.587947845458984,53500,0.0,0
2020-06-17 00:00:00+00:00,17.54926961652469,17.587946578852584,17.346221096960456,17.375226974487305,33200,0.0,0
2020-06-18 00:00:00+00:00,17.307544699261292,17.500925828771347,17.25920033899334,17.4719181060791,30300,0.0,0
2020-06-19 00:00:00+00:00,17.713643926189278,17.713643926189278,17.355891227409007,17.365558624267578,23700,0.0,0
2020-06-22 00:00:00+00:00,17.346224600774217,17.346224600774217,17.27854174724802,17.317216873168945,9500,0.0,0
2020-06-23 00:00:00+00:00,17.520264574161857,17.520264574161857,17.259200598661263,17.346221923828125,21700,0.0,0
2020-06-24 00:00:00+00:00,17.218998314675442,17.218998314675442,16.99562765294987,17.053897857666016,14000,0.079,0
2020-06-25 00:00:00+00:00,16.917934181617117,17.180152893066406,16.917934181617117,17.180152893066406,14400,0.0,0
2020-06-26 00:00:00+00:00,17.14130308814679,17.14130308814679,16.713983956348635,16.733407974243164,10800,0.0,0
2020-06-29 00:00:00+00:00,16.733407561081297,17.01505025646908,16.733407561081297,16.98591423034668,34300,0.0,0
2020-06-30 00:00:00+00:00,17.005337277202393,17.121877670288086,16.898507039893715,17.121877670288086,15500,0.0,0
2020-07-02 00:00:00+00:00,17.277268097395282,17.413232507960128,17.218996047973633,17.218996047973633,7700,0.0,0
2020-07-03 00:00:00+00:00,17.19957634368298,17.209288354354864,17.13159412135643,17.151018142700195,15000,0.0,0
2020-07-06 00:00:00+00:00,17.316114701871545,17.384096908818194,17.218996469500805,17.238420486450195,28600,0.0,0
2020-07-07 00:00:00+00:00,17.189863770707362,17.189863770707362,17.034475326538086,17.034475326538086,32900,0.0,0
2020-07-08 00:00:00+00:00,17.024765879652637,17.09274810266175,16.898511592027155,16.976205825805664,12700,0.0,0
2020-07-09 00:00:00+00:00,16.95678026435899,16.95678026435899,16.6848513970174,16.81110382080078,8500,0.0,0
2020-07-10 00:00:00+00:00,16.820815393163766,17.063610076904297,16.820815393163766,17.063610076904297,9300,0.0,0
2020-07-13 00:00:00+00:00,17.170440312617803,17.364674947981964,17.092746087996854,17.335540771484375,28100,0.0,0
2020-07-14 00:00:00+00:00,17.238424050586016,17.500642776489258,17.238424050586016,17.500642776489258,5600,0.0,0
2020-07-15 00:00:00+00:00,17.694874441001186,17.830840712422763,17.665740266849355,17.724010467529297,7100,0.0,0
2020-07-16 00:00:00+00:00,17.63660396375389,17.859974606504466,17.63660396375389,17.80170440673828,5100,0.0,0
2020-07-17 00:00:00+00:00,17.821131741291993,17.86968994140625,17.772571688801136,17.86968994140625,21600,0.0,0
2020-07-20 00:00:00+00:00,17.811418400993915,17.811418400993915,17.67545396892382,17.71430015563965,17600,0.0,0
2020-07-21 00:00:00+00:00,17.791993520014596,17.927957945501717,17.762859344482422,17.762859344482422,17800,0.0,0
2020-07-22 00:00:00+00:00,17.733725875863385,17.733725875863385,17.66574365330879,17.70458984375,15100,0.0,0
2020-07-23 00:00:00+00:00,17.685164413708648,17.685164413708648,17.60747018663798,17.636606216430664,7200,0.0,0
2020-07-24 00:00:00+00:00,17.59775840601361,17.59775840601361,17.53948635180277,17.558910369873047,14400,0.0,0
2020-07-27 00:00:00+00:00,17.511109425809938,17.589153289794922,17.462330847874018,17.589153289794922,175300,0.081,0
2020-07-28 00:00:00+00:00,17.55013130938328,17.55013130938328,17.511110305786133,17.511110305786133,3100,0.0,0
2020-07-29 00:00:00+00:00,17.481842099875035,17.68670654296875,17.481842099875035,17.68670654296875,16100,0.0,0
2020-07-30 00:00:00+00:00,17.511108097329505,17.70621681213379,17.462329523094173,17.70621681213379,16200,0.0,0
2020-07-31 00:00:00+00:00,17.696462576042745,17.70621829170502,17.413554264686756,17.49159812927246,21100,0.0,0
2020-08-04 00:00:00+00:00,17.58915468288315,17.794019144302126,17.58915468288315,17.67695426940918,20500,0.0,0
2020-08-05 00:00:00+00:00,17.803774159706652,17.862306594848633,17.784262727755134,17.862306594848633,22300,0.0,0
2020-08-06 00:00:00+00:00,17.911083378270146,18.0964363810812,17.88181623327833,18.067171096801758,31900,0.0,0
2020-08-07 00:00:00+00:00,18.067174393480965,18.184239273384065,18.02815152637145,18.15497398376465,22000,0.0,0
2020-08-10 00:00:00+00:00,18.252523259190323,18.42324547271327,18.242769405354537,18.39885711669922,32700,0.0,0
2020-08-11 00:00:00+00:00,18.545190349406795,18.711033786351894,18.545190349406795,18.584211349487305,17400,0.0,0
2020-08-12 00:00:00+00:00,18.750053779344316,18.818343782063994,18.66225420798847,18.759809494018555,28400,0.0,0
2020-08-13 00:00:00+00:00,18.642748768988977,18.642748768988977,18.525682027678446,18.56470489501953,17600,0.0,0
2020-08-14 00:00:00+00:00,18.447636767099315,18.58421307110195,18.437881050997326,18.476903915405273,9400,0.0,0
2020-08-17 00:00:00+00:00,18.515925339602266,18.515925339602266,18.398860465145027,18.437881469726562,12000,0.0,0
2020-08-18 00:00:00+00:00,18.437881191227312,18.496413627571815,18.369593038706626,18.379348754882812,10400,0.0,0
2020-08-19 00:00:00+00:00,18.486659631507262,18.545192067406592,18.46714819930329,18.476903915405273,34300,0.0,0
2020-08-20 00:00:00+00:00,18.39886018723518,18.437881191227312,18.35008160635426,18.379348754882812,24300,0.0,0
2020-08-21 00:00:00+00:00,18.350078543958823,18.39885711669922,18.291546117382637,18.39885711669922,18000,0.0,0
2020-08-24 00:00:00+00:00,18.53543621181346,18.5939686472723,18.515924779756322,18.574459075927734,23700,0.0,0
2020-08-25 00:00:00+00:00,18.575436220752906,18.604828407898044,18.438276418066597,18.526451110839844,21000,0.081,0
2020-08-26 00:00:00+00:00,18.575438787728682,18.575438787728682,18.487265951432825,18.536251068115234,20200,0.0,0
2020-08-27 00:00:00+00:00,18.575438953243044,18.68320845329952,18.575438953243044,18.653818130493164,20700,0.0,0
2020-08-28 00:00:00+00:00,18.634221198090195,18.65381599015442,18.48726399493296,18.50685691833496,26800,0.0,0
2020-08-31 00:00:00+00:00,18.54604684258605,18.54604684258605,18.21294284603422,18.281522750854492,31400,0.0,0
2020-09-01 00:00:00+00:00,18.183549282544305,18.27172397312129,18.13456417385137,18.203144073486328,24400,0.0,0
2020-09-02 00:00:00+00:00,18.438276290893555,18.497058796116228,18.40888597261329,18.438276290893555,40200,0.0,0
2020-09-03 00:00:00+00:00,18.467670690156073,18.51665580559941,18.183551788330078,18.183551788330078,17900,0.0,0
2020-09-04 00:00:00+00:00,18.31091274342664,18.369695244985223,17.99740357689815,18.075780868530273,43300,0.0,0
2020-09-08 00:00:00+00:00,17.958217151101042,18.16395874568752,17.899434639217347,18.09537696838379,19900,0.0,0
2020-09-09 00:00:00+00:00,18.21294102035863,18.399087792398667,18.21294102035863,18.340303421020508,12700,0.0,0
2020-09-10 00:00:00+00:00,18.330508153670703,18.330508153670703,18.007201548208354,18.026796340942383,16900,0.0,0
2020-09-11 00:00:00+00:00,18.036593805100132,18.134565900476225,18.026796408696292,18.08557891845703,13800,0.0,0
2020-09-14 00:00:00+00:00,18.19334660446659,18.203143999897993,18.105171914246064,18.14436149597168,13400,0.0,0
2020-09-15 00:00:00+00:00,18.252129182179267,18.35010126822726,18.203144073486328,18.203144073486328,26600,0.0,0
2020-09-16 00:00:00+00:00,18.261927710901322,18.340305010871027,18.105173110961914,18.105173110961914,9100,0.0,0
2020-09-17 00:00:00+00:00,18.026797059742417,18.124769158656818,17.977811944616395,18.09537696838379,10800,0.0,0
2020-09-18 00:00:00+00:00,18.11497103958323,18.11497103958323,17.96801383140258,18.026796340942383,10700,0.0,0
2020-09-21 00:00:00+00:00,17.772066116333004,17.772066116333004,17.54673165057316,17.772066116333008,39600,0.0,0
2020-09-22 00:00:00+00:00,17.879839011853793,18.00720142643916,17.830853899012254,17.938621520996094,17700,0.0,0
2020-09-23 00:00:00+00:00,18.016997822514995,18.016997822514995,17.654503522822246,17.6643009185791,10500,0.0,0
2020-09-24 00:00:00+00:00,17.586555396941836,17.77354035592541,17.576713786927673,17.64560317993164,20200,0.081,0
2020-09-25 00:00:00+00:00,17.616077743952015,17.88179557390904,17.616077743952015,17.8719539642334,12400,0.0,0
2020-09-28 00:00:00+00:00,18.03925661235028,18.186876995420917,18.03925661235028,18.147512435913086,18300,0.0,0
2020-09-29 00:00:00+00:00,18.127831660901656,18.127831660901656,17.911321861689615,17.98021125793457,16400,0.0,0
2020-09-30 00:00:00+00:00,17.999892783123276,18.068782172878176,17.79322273676348,17.803064346313477,24500,0.0,0
2020-10-01 00:00:00+00:00,17.862110524150896,17.881793741485158,17.75385658300229,17.812904357910156,15200,0.0,0
2020-10-02 00:00:00+00:00,17.645602745078428,18.009732921153063,17.645602745078428,17.999893188476562,27300,0.0,0
2020-10-05 00:00:00+00:00,18.108145612572653,18.22624304276395,18.058939444965013,18.196718215942383,12200,0.0,0
2020-10-06 00:00:00+00:00,18.31481926535044,18.31481926535044,18.098307580063715,18.127832412719727,22300,0.0,0
2020-10-07 00:00:00+00:00,18.275451574942796,18.33449935913086,18.255768354515034,18.33449935913086,16100,0.0,0
2020-10-08 00:00:00+00:00,18.373863452534156,18.51164222373538,18.373863452534156,18.442752838134766,33200,0.0,0
2020-10-09 00:00:00+00:00,18.501800458550147,18.501800458550147,18.31481552124023,18.314815521240234,35200,0.0,0
2020-10-13 00:00:00+00:00,18.40338824950341,18.40338824950341,18.157353657275266,18.196718215942383,37400,0.0,0
2020-10-14 00:00:00+00:00,18.236085714065503,18.24592732357936,18.10814666748047,18.10814666748047,13700,0.0,0
2020-10-15 00:00:00+00:00,17.999892281057345,18.226243663108498,17.960525843955388,18.216402053833008,40300,0.0,0
2020-10-16 00:00:00+00:00,18.245926260644996,18.265607601431068,18.18687660700186,18.196718215942383,17800,0.0,0
2020-10-19 00:00:00+00:00,18.236084542815107,18.236084542815107,17.97036673429254,18.00973129272461,28900,0.0,0
2020-10-20 00:00:00+00:00,18.137670331092494,18.137670331092494,17.990049952056054,18.00973129272461,11600,0.0,0
2020-10-21 00:00:00+00:00,17.99989218004947,18.049098349055757,17.911319574162135,18.029415130615234,21300,0.0,0
2020-10-22 00:00:00+00:00,18.05894005961525,18.255766613839928,18.05894005961525,18.216402053833008,9500,0.0,0
2020-10-23 00:00:00+00:00,18.31481618973815,18.31481618973815,18.255766534342353,18.275449752807617,2700,0.0,0
2020-10-26 00:00:00+00:00,18.214176340645395,18.214176340645395,17.907807114129714,17.967103958129883,36900,0.078,0
2020-10-27 00:00:00+00:00,17.957221332181206,17.957221332181206,17.75956266670907,17.799095153808594,34900,0.0,0
2020-10-28 00:00:00+00:00,17.62120263702719,17.631085758748867,17.374130249023438,17.374130249023438,66500,0.0,0
2020-10-29 00:00:00+00:00,17.364246596759646,17.61131897721442,17.275300388994914,17.591552734375,19900,0.0,0
2020-10-30 00:00:00+00:00,17.54214020216821,17.54214020216821,17.36424777457234,17.532257080078125,40000,0.0,0
2020-11-02 00:00:00+00:00,17.552021786002637,17.62120174955749,17.49272494367171,17.561904907226562,17400,0.0,0
2020-11-03 00:00:00+00:00,17.80897817024359,17.947338104248047,17.72991508152494,17.947338104248047,39000,0.0,0
2020-11-04 00:00:00+00:00,17.99675143762363,18.115347010636654,17.75956217661026,17.967103958129883,64200,0.0,0
2020-11-05 00:00:00+00:00,18.08569721436034,18.214175905808265,18.026400371775797,18.036283493041992,20700,0.0,0
2020-11-06 00:00:00+00:00,18.135112879573246,18.135112879573246,17.87815738085574,17.937454223632812,8100,0.0,0
2020-11-09 00:00:00+00:00,18.53042977370144,18.826915896075544,18.51066352953975,18.62925910949707,96300,0.0,0
2020-11-10 00:00:00+00:00,18.619374903383182,19.12340279008454,18.609491781877743,19.1135196685791,102500,0.0,0
2020-11-11 00:00:00+00:00,19.232114445904518,19.311179422426193,19.172817598526052,19.20246696472168,130200,0.0,0
2020-11-12 00:00:00+00:00,19.153050809562444,19.153050809562444,18.797267850399564,18.89609718322754,26900,0.0,0
2020-11-13 00:00:00+00:00,18.935626262921275,18.994923103845483,18.85656318001814,18.87632942199707,79400,0.0,0
2020-11-16 00:00:00+00:00,19.123402748685873,19.16293334960937,19.0245734188581,19.162933349609375,18600,0.0,0
2020-11-17 00:00:00+00:00,19.083870202889095,19.28152886192464,19.07398708143605,19.261762619018555,23600,0.0,0
2020-11-18 00:00:00+00:00,19.311178226283776,19.35070882708328,19.241996376112464,19.261762619018555,79400,0.0,0
2020-11-19 00:00:00+00:00,19.192584187910956,19.232114791870117,19.103637972736813,19.232114791870117,17900,0.0,0
2020-11-20 00:00:00+00:00,19.23211547835394,19.34082794189453,19.162935505196433,19.34082794189453,19100,0.0,0
2020-11-23 00:00:00+00:00,19.4396571646684,19.56813398760665,19.419890919597016,19.489070892333984,28400,0.0,0
2020-11-24 00:00:00+00:00,19.695451966874973,19.89389366853842,19.66568486000119,19.854206085205078,110900,0.078,0
2020-11-25 00:00:00+00:00,19.81451676525132,19.81451676525132,19.67560738374429,19.794673919677734,54000,0.0,0
2020-11-26 00:00:00+00:00,19.745061039464204,19.82443809509277,19.725216302432493,19.824438095092773,27300,0.0,0
2020-11-27 00:00:00+00:00,19.80459424041544,19.883973192078866,19.79467376395588,19.854206085205078,14900,0.0,0
2020-11-30 00:00:00+00:00,19.774828354926676,19.774828354926676,19.44739776042079,19.487085342407227,24900,0.0,0
2020-12-01 00:00:00+00:00,19.715295895648527,19.764905845903737,19.526774678181802,19.546619415283203,31000,0.0,0
2020-12-02 00:00:00+00:00,19.52677330367077,19.586305618286133,19.457318621203147,19.586305618286133,50700,0.0,0
2020-12-03 00:00:00+00:00,19.55654012648627,19.735138977549795,19.55654012648627,19.705373764038086,18400,0.0,0
2020-12-04 00:00:00+00:00,19.7053743358329,19.85420608520508,19.7053743358329,19.854206085205078,30800,0.0,0
2020-12-07 00:00:00+00:00,19.824437906763027,19.824437906763027,19.66568379701404,19.77482795715332,21000,0.0,0
2020-12-08 00:00:00+00:00,19.725216302432493,19.844282832124485,19.725216302432493,19.824438095092773,17200,0.0,0
2020-12-09 00:00:00+00:00,19.88397216796875,19.913737380811124,19.784750375998186,19.88397216796875,77800,0.0,0
2020-12-10 00:00:00+00:00,19.80459335806106,19.83436046360863,19.745061039464204,19.824438095092773,31300,0.0,0
2020-12-11 00:00:00+00:00,19.76490577649592,19.82443809509277,19.73513867094835,19.824438095092773,75800,0.0,0
2020-12-14 00:00:00+00:00,19.933580923122395,19.933580923122395,19.586305618286133,19.586305618286133,45200,0.0,0
2020-12-15 00:00:00+00:00,19.685529523025387,19.754984212968278,19.576385357401776,19.63591957092285,21200,0.0,0
2020-12-16 00:00:00+00:00,19.70537179785551,19.70537179785551,19.566460542834132,19.596227645874023,41000,0.0,0
2020-12-17 00:00:00+00:00,19.645838425488016,19.645838425488016,19.4672414771639,19.5168514251709,40000,0.0,0
2020-12-18 00:00:00+00:00,19.53669749559325,19.53669749559325,19.348176273795197,19.36802101135254,26400,0.0,0
2020-12-21 00:00:00+00:00,19.179498861430492,19.229108810424805,19.05051185854633,19.229108810424805,35900,0.0,0
2020-12-22 00:00:00+00:00,19.24895508599955,19.24895508599955,19.119968072802717,19.12989044189453,18200,0.0,0
2020-12-23 00:00:00+00:00,19.15965432737034,19.29856559251969,19.15965432737034,19.27872085571289,27900,0.0,0
2020-12-24 00:00:00+00:00,19.298566462124402,19.30848693847656,19.21918940381868,19.308486938476562,15500,0.0,0
2020-12-29 00:00:00+00:00,19.318409663806133,19.37794387800776,19.2886444492037,19.298566818237305,39400,0.0,0
2020-12-30 00:00:00+00:00,19.3463819047193,19.39619160252145,19.266685248164958,19.276647567749023,10400,0.078,0
2020-12-31 00:00:00+00:00,19.256724235085553,19.42607987926852,19.256724235085553,19.30155372619629,25300,0.0,0
2021-01-04 00:00:00+00:00,19.455965518738342,19.455965518738342,19.236798288139767,19.35634422302246,44600,0.0,0
2021-01-05 00:00:00+00:00,19.35634492463522,19.605397222893277,19.35634492463522,19.565547943115234,20500,0.0,0
2021-01-06 00:00:00+00:00,19.67513272484554,20.033768663564143,19.67513272484554,19.914222717285156,63200,0.0,0
2021-01-07 00:00:00+00:00,20.053690435159425,20.153311735556706,20.01384305507147,20.11346435546875,32600,0.0,0
2021-01-08 00:00:00+00:00,20.163274772870405,20.17323709327635,20.033768407829836,20.08357810974121,71200,0.0,0
2021-01-11 00:00:00+00:00,19.993919363755946,20.09354066888064,19.993919363755946,20.07361602783203,28900,0.0,0
2021-01-12 00:00:00+00:00,20.083577149568207,20.312704807595527,20.04372976996783,20.282819747924805,43700,0.0,0
2021-01-13 00:00:00+00:00,20.302742964642967,20.332629925134068,20.223046303451643,20.262895584106445,17600,0.0,0
2021-01-14 00:00:00+00:00,20.32266759319233,20.482060915482602,20.25293325220512,20.42228889465332,32900,0.0,0
2021-01-15 00:00:00+00:00,20.40236330412636,20.492022281253682,20.312704326999036,20.46213722229004,28800,0.0,0
2021-01-18 00:00:00+00:00,20.382440319791588,20.49202394520499,20.382440319791588,20.47209930419922,12900,0.0,0
2021-01-19 00:00:00+00:00,20.53187250455726,20.651416546147615,20.511947864252775,20.581682205200195,96000,0.0,0
2021-01-20 00:00:00+00:00,20.6215310128645,20.6215310128645,20.4322507345495,20.521909713745117,20800,0.0,0
2021-01-21 00:00:00+00:00,20.541833877563477,20.541833877563477,20.482059959406083,20.541833877563477,12400,0.0,0
2021-01-22 00:00:00+00:00,20.412325618742372,20.412325618742372,20.34259128102029,20.38243865966797,46900,0.0,0
2021-01-25 00:00:00+00:00,20.223045591144366,20.292781829833984,20.113463873439972,20.292781829833984,57600,0.0,0
2021-01-26 00:00:00+00:00,20.34259153191048,20.34259153191048,20.10848176656913,20.213085174560547,42800,0.0,0
2021-01-27 00:00:00+00:00,20.083577892331366,20.083577892331366,19.82456326493579,19.854450225830078,42300,0.0,0
2021-01-28 00:00:00+00:00,19.934146162930187,20.143349181224874,19.87437414343431,20.043729782104492,39600,0.0,0
2021-01-29 00:00:00+00:00,19.934146902252373,19.934146902252373,19.615360252960148,19.695056915283203,52400,0.0,0
2021-02-01 00:00:00+00:00,19.824562789352914,19.924184089825697,19.744866128998343,19.874374389648438,38300,0.0,0
2021-02-02 00:00:00+00:00,20.02380632532886,20.123427630453552,20.02380632532886,20.07361602783203,29100,0.0,0
2021-02-03 00:00:00+00:00,20.09353971536564,20.123426675520303,20.023805375123022,20.11346435546875,13800,0.0,0
2021-02-04 00:00:00+00:00,20.183198448746506,20.32266712752518,20.133386849098237,20.282819747924805,27200,0.0,0
2021-02-05 00:00:00+00:00,20.362516641333244,20.382439381303346,20.282819981098054,20.352554321289062,16900,0.0,0
2021-02-08 00:00:00+00:00,20.412327043518875,20.521910667655746,20.412327043518875,20.4820613861084,26300,0.0,0
2021-02-09 00:00:00+00:00,20.52190924033552,20.52190924033552,20.412325623820305,20.46213722229004,21700,0.0,0
2021-02-10 00:00:00+00:00,20.511948586210764,20.511948586210764,20.37247989940705,20.47209930419922,22200,0.0,0
2021-02-11 00:00:00+00:00,20.631491190423095,20.691265109263824,20.57171917170058,20.611568450927734,28600,0.0,0
2021-02-12 00:00:00+00:00,20.631491894252246,20.741075515747074,20.631491894252246,20.74107551574707,26500,0.0,0
2021-02-16 00:00:00+00:00,20.840696577828435,20.840696577828435,20.751037597656254,20.75103759765625,23200,0.0,0
2021-02-17 00:00:00+00:00,20.72115087545378,20.761000156040364,20.701228135278768,20.74107551574707,28600,0.0,0
2021-02-18 00:00:00+00:00,20.721150399893403,20.780924319401443,20.671340700421613,20.76099967956543,28300,0.0,0
2021-02-19 00:00:00+00:00,20.780924319401443,20.800847059119217,20.741075039729417,20.76099967956543,17100,0.0,0
2021-02-22 00:00:00+00:00,20.760000228881836,20.860000610351562,20.75,20.809999465942383,25300,0.079,0
2021-02-23 00:00:00+00:00,20.850000381469727,20.850000381469727,20.670000076293945,20.790000915527344,26000,0.0,0
2021-02-24 00:00:00+00:00,20.84000015258789,21.059999465942383,20.719999313354492,21.020000457763672,23300,0.0,0
2021-02-25 00:00:00+00:00,21.030000686645508,21.049999237060547,20.860000610351562,20.8799991607666,10600,0.0,0
2021-02-26 00:00:00+00:00,20.829999923706055,20.829999923706055,20.510000228881836,20.520000457763672,38000,0.0,0
2021-03-01 00:00:00+00:00,20.75,20.940000534057617,20.75,20.809999465942383,14300,0.0,0
2021-03-02 00:00:00+00:00,20.8799991607666,21.06999969482422,20.829999923706055,21.0,28500,0.0,0
2021-03-03 00:00:00+00:00,21.049999237060547,21.110000610351562,20.940000534057617,21.030000686645508,42800,0.0,0
2021-03-04 00:00:00+00:00,21.020000457763672,21.06999969482422,20.799999237060547,20.950000762939453,53800,0.0,0
2021-03-05 00:00:00+00:00,21.059999465942383,21.334999084472656,21.059999465942383,21.290000915527344,87600,0.0,0
2021-03-08 00:00:00+00:00,21.350000381469727,21.68000030517578,21.34000015258789,21.579999923706055,34100,0.0,0
2021-03-09 00:00:00+00:00,21.600000381469727,21.719999313354492,21.520000457763672,21.579999923706055,44400,0.0,0
2021-03-10 00:00:00+00:00,21.639999389648438,21.8799991607666,21.639999389648438,21.84000015258789,24200,0.0,0
2021-03-11 00:00:00+00:00,21.899999618530273,22.010000228881836,21.899999618530273,21.940000534057617,31000,0.0,0
2021-03-12 00:00:00+00:00,21.969999313354492,21.969999313354492,21.8799991607666,21.969999313354492,28300,0.0,0
2021-03-15 00:00:00+00:00,22.200000762939453,22.260000228881836,22.049999237060547,22.15999984741211,21800,0.0,0
2021-03-16 00:00:00+00:00,22.15999984741211,22.15999984741211,22.06999969482422,22.100000381469727,27900,0.0,0
2021-03-17 00:00:00+00:00,22.209999084472656,22.229999542236328,22.09000015258789,22.15999984741211,12300,0.0,0
2021-03-18 00:00:00+00:00,22.209999084472656,22.34000015258789,22.15999984741211,22.15999984741211,19100,0.0,0
